ZY|SHY|Sky Airlines|ANTALYA BIRD|Turkey|
ZX|ABL|Air BC|AIRCOACH|Canada|Merged into Air Canada Jazz
ZX|GGN|Air Georgian|GEORGIAN|Canada|
ZW|AWI|Air Wisconsin|WISCONSIN|United States|
ZV|AMW|Air Midwest|AIR MIDWEST|United States|defunct
ZU|HCY|Helios Airways|HELIOS|Cyprus|
ZT|AWC|Titan Airways|ZAP|United Kingdom|
ZS|AZI|Azzurra Air|AZZURRA|Italy|defunct
ZS|SMY|Sama Airlines|NAJIM|Saudi Arabia|
ZP|AZP|Amaszonas Paraguay|GUARANI|Paraguay|
ZP|AZQ|Silk Way Airlines|SILK LINE|Azerbaijan|
ZL|RXA|Regional Express|REX|Australia|
ZK|GLA|Great Lakes Airlines|LAKES AIR|United States|
ZI|AAF|Aigle Azur|AIGLE AZUR|France|Former name: Lucas Aigle Azur; former IATA code: LK
ZH|CSZ|Shenzhen Airlines|SHENZHEN AIR|China|
ZG|VVM|Viva Macau|JACKPOT|Macao|
ZE|AZE|Arcus-Air Logistic|ARCUS AIR|Germany|
ZE|ESR|Eastar Jet|EASTAR|South Korea|
ZE|LCD|Líneas Aéreas Azteca|LINEAS AZTECA|Mexico|defunct
ZD|EWR|Ewa Air|MAYOTTE AIR|France|
ZB|BUB|Air Bourbon|BOURBON|Reunion|defunct
ZB|MON|Monarch Airlines|MONARCH|United Kingdom|defunct October 2017
ZA|CYD|AccessAir|CYCLONE|United States|defunct
ZA|SUW|Interavia Airlines|ASTAIR|Russia|
Z8|AZN|Línea Aérea Amaszonas||Bolivia|
Z7*|ADK|ADC Airlines|ADCO|Nigeria|defunct; former name: Aviation Development Company
Z6|UDN|Dniproavia|DNIEPRO|Ukraine|
Z5|GMG|GMG Airlines|GMG|Bangladesh|
Z4|OOM|Zoom Airlines|ZOOM|Canada|defunct, ICAO Code and callsign no longer allocated
Z3|SMJ|Avient Aviation|AVAVIA|Zimbabwe|
Z2|EZD|Philippines AirAsia|REDHOT|Philippines|
YX|MEP|Midwest Airlines|MIDEX|United States|
YW|ANE|Air Nostrum|AIR NOSTRUM|Spain|
YV|ASH|Mesa Airlines|AIR SHUTTLE|United States|
YU|ADM|Dominair|DOMINAIR|Dominican Republic|defunct; former IATA code: SS; former name: Aerolíneas Dominicanas, ICAO code no longer allocated
YT|TGA|Air Togo|AIR TOGO|Togo|defunct
YT|NYT|Yeti Airlines|YETI AIRLINES|Nepal|Domestic
YS|RAE|Régional Compagnie Aérienne Européenne|REGIONAL EUROPE|France|
YQ|LCT|TAR Aerolineas|TAR|Mexico|
YM|MGX|Montenegro Airlines|MONTENEGRO|Montenegro|former callsign was "MONTAIR"
YL|LLM|Yamal Airlines|YAMAL|Russia|
YK|KYV|Cyprus Turkish Airlines|AIRKIBRIS|Turkey|Ceased operations 2010
YH|WCW|West Caribbean Airways|WEST|Colombia|
YE|ACQ|Aryan Cargo Express||India|
YD|CAT|Cologne Air Transport GmbH||Germany|defunct since 1996
YB|BRJ|Borajet|BORA JET|Turkey|
Y9|IRK|Kish Air|KISHAIR|Iran|
Y8|YZR|Yangtze River Express|YANGTZE RIVER|China|
Y6|BTV|Batavia Air|BATAVIA|Indonesia|As of June 1, 2010, IATA code changed to Y6.
Y5|GMR|Golden Myanmar Airlines|GOLDEN MYANMAR|Myanmar|
Y5|PCE|Pace Airlines|PACE|United States|
Y4|VOI|Volaris|VOLARIS|Mexico|
Y2|AFJ|Alliance Air|JAMBO|Uganda|Ceased operations 08/10/2000
Y2|GSM|Flyglobespan|GLOBESPAN|United Kingdom|defunct
Y0|EMJ|Yellow Air Taxi/Friendship Airways||United States|
XW|NCT|NokScoot|BIG BIRD|Thailand|
XT|AXL|Air Exel|EXEL COMMUTER|Netherlands|defunct
XT|SKT|SkyStar Airways|SKY YOU|Thailand|
XS|SIT|SITA||Belgium|
XQ|SXS|SunExpress|SUNEXPRESS|Turkey|
XP|CXP|Western|RUBY MOUNTAIN|United States|defunct
XP|CXP|Xtra Airways|CASINO EXPRESS|United States|
XO|CXH|China Xinhua Airlines|XINHUA|China|
XO|LTE|LTE International Airways|FUN JET|Spain|
XN|XAR|XpressAir|XPRESS|Indonesia|Renamed from Travel Express Aviation Services in 2012
XM||J-Air|J AIR|Japan|
XL|LNE|Aerolane|AEROLANE|Ecuador|Líneas Aéreas Nacionales Del Ecuador
XK|CCM|Air Corsica|CORSICA|France|
XK|CCM|Corse Méditerranée|CORSICA|France|Name changed to Air Corsica
XJ|MES|Mesaba Airlines|MESABA|United States|
XJ|TAX|Thai AirAsia X|EXPRESS WING|Thailand|
XG|CLI|Clickair|CLICKJET|Spain|Merge into Vueling
XG|SXD|Sunexpress Deutschland|SUNRISE|Germany|
XF|VLK|Vladivostok Air|VLADAIR|Russia|
XC|CAI|Corendon Airlines|CORENDON|Turkey|Turistik Hava Tasimacilik
X9|NVD|Avion Express|NORDVIND|Lithuania|Name changed from Nordic Solutions Air
X7|CHF|Chitaavia|CHITA|Russia|
X3|HLX|Hapag-Lloyd Express (TUIfly)|YELLOW CAB|Germany|
WZ|WSF|West African Airlines||Benin|
WY|OMA|Oman Air|OMAN AIR|Oman|
WX|BCY|CityJet|CITY JET|Ireland|
WX|BCY|CityJet|CITY-IRELAND|Ireland|
WW|BMI|Bmibaby|BABY|United Kingdom|Ceased operations
WW|WOW|WOW air|WOW air|Iceland|
WV|SWV|Swe Fly|FLYING SWEDE|Sweden|
WT|WSG|Wasaya Airways|WASAYA|Canada|
WS|WJA|WestJet|WESTJET|Canada|
WR|HRH|Royal Tongan Airlines|TONGA ROYAL|Tonga|
WR|WEN|WestJet Encore|ENCORE|Canada|
WP|ATW|Air Antwerp|DEVIL|Belgium|
WO|WSW|Swoop|SWOOP|Canada|
WO|WOA|World Airways|WORLD|United States|
WN|SWA|Southwest Airlines|SOUTHWEST|United States|
WK|AFB|American Falcon|AMERICAN FALCON|Argentina|defunct
WK|EDW|Edelweiss Air|EDELWEISS|Switzerland|
WH|CNW|China Northwest Airlines|CHINA NORTHWEST|China|defunct
WH|WEB|WebJet Linhas Aéreas|WEB-BRASIL|Brazil|
WG|SWG|Sunwing Airlines|SUNWING|Canada|
WF|WIF|Widerøe|WIDEROE|Norway|
WE|CWC|Centurion Air Cargo|CHALLENGE CARGO|United States|
WE|THD|Thai Smile Airways|THAI SMILE|Thailand|2014[47]
WD*|AAN|Amsterdam Airlines|AMSTEL|Netherlands|Former IATA code: FH*. ICAO code and call sign no longer allocated
WD|DSR|DAS Air Cargo|DAIRAIR|Uganda|
WD|WDL|WDL Aviation|WDL|Germany|
WC|ISV|Islena De Inversiones||Honduras|
WB|RWD|Rwandair Express|RWANDAIR|Rwanda|
WA|KLC|KLM Cityhopper|CITY|Netherlands|
WA|WAL|Western Airlines|WESTERN|United States|defunct
WA|KLC|KLM Cityhopper|CITY|the Netherlands|
W9|AAB|Abelag Aviation|ABG|Belgium|
W9|JAB|Air Bagan|AIR BAGAN|Myanmar|
W9|SGR|Eastwind Airlines|STINGER|United States|defunct
W9|WUK|Wizz Air UK|WIZZ GO|United Kingdom|
W8|CJT|Cargojet Airways|CARGOJET|Canada|
W7|SAH|Sayakhat Airlines|SAYAKHAT|Kazakhstan|
W7|KMR|Western Pacific Airlines|KOMSTAR|United States|
W6|WZZ|Wizz Air|WIZZAIR|Hungary|
W5|IRM|Mahan Air|MAHAN AIR|Iran|
W4|BES|Aero Services Executive|BIRD EXPRESS|France|
W3|FYH|Flyhy Cargo Airlines|FLY HIGH|Thailand|
W3|SCL|Switfair Cargo|SWIFTAIR|Canada|
W2|CWA|Canadian Western Airlines|CANADIAN WESTERN|Canada|
VZ|MYT|MyTravel Airways|KESTREL|United Kingdom|Defunct, callsign now used by Thomas Cook Airlines
VZ|TVJ|Thai Vietjet Air|THAIVIET JET|Thailand|2014[47]
VY|FOS|Formosa Airlines||Taiwan|defunct
VY|VLG|Vueling Airlines|VUELING|Spain|
VX|AES|ACES Colombia|ACES|Colombia|defunct
VX|VRD|Virgin America|REDWOOD|United States|
VW|TAO|Aeromar|TRANS-AEROMAR|Mexico|
VV|AEW|Aerosvit Airlines|AEROSVIT|Ukraine|defunct
VU|VUN|Air Ivoire|AIRIVOIRE|Ivory Coast|defunct
VT|VTA|Air Tahiti|AIR TAHITI|French Polynesia|
VS|VIR|Virgin Atlantic Airways|VIRGIN|United Kingdom|
VR|TCV|TACV|CABOVERDE|Cape Verde|
VQ|NVQ|Novo Air|NOVO AIR|Bangladesh|
VP|VSP|VASP|VASP|Brazil|defunct
VO|TYR|Tyrolean Airways|TYROLEAN|Austria|Renamed from Austrian Arrows
VN|HVN|Vietnam Airlines|VIET NAM AIRLINES|Vietnam|
VM|VOA|Viaggio Air|VIAGGIO|Bulgaria|
VL|VIM|Air VIA|CRYSTAL|Bulgaria|
VK|FVK|FlyViking|BALDER|Norway|Established in 2016
VK|VGN|Virgin Nigeria Airways|VIRGIN NIGERIA|Nigeria|
VJ|AFF|Africa Airways|AFRIWAYS|Benin|
VJ|JTY|Jatayu Airlines|JATAYU|Indonesia|
VJ|VJC|Vietjet Air|VIETJET|Vietnam|
VI|VDA|Volga-Dnepr Airlines|VOLGA|Russia|
VH|ALV|Aeropostal Alas de Venezuela|AEROPOSTAL|Venezuela|
VH|VVC|Viva Air Colombia|Viva Air Colombia|Colombia|Commenced operations on May 25, 2012
VG|VLM|VLM Airlines|RUBENS|Belgium|
VF|VLU|Valuair|VALUAIR|Singapore|Merged with Jetstar Asia
VE|AVE|Avensa|AVENSA|Venezuela|defunct
VE|EUJ|EUjet|UNION JET|Ireland|defunct
VE|VLE|C.A.I. Second|VOLA|Italy|
VD|LIB|Air Liberté|AIR LIBERTE|France|defunct
VD|KPA|Kunpeng Airlines|KUNPENG|China|
VD|BBB|SwedJet Airways|BLACKBIRD|Sweden|
VC|VCX|Ocean Airlines|OCEANCARGO|Italy|
VC|VAL|Voyageur Airways|VOYAGEUR|Canada|
VB|VIV|Aeroenlaces Nacionales|AEROENLACES|Mexico|Former ICAO code: AEN
VB|VIV|VIVA Aerobus|AEROENLACES|Mexico|
VA|OZW|Virgin Australia Regional Airlines|VELOCITY|Australia|
VA|VOZ|Virgin Australia Airlines|VELOCITY|Australia|PREVIOUSLY USED: KANGA, AURORA, VEE-OZ
VA||Viasa||Venezuela|IATA Code transferred to Virgin Australia
V9|BTC|BAL Bashkirian Airlines|BASHKIRIAN|Russia|
V9|HCW|Star1 Airlines|STAR1|Lithuania|defunct
V8|VAS|ATRAN Cargo Airlines|ATRAN|Russian Federation|
V8|IAR|Iliamna Air Taxi|ILIAMNA AIR|United States|
V7|SNG|Air Senegal International|AIR SENEGAL|Senegal|defunct
V7|VOE|Volotea|VOLOTEA|Spain|
V5|VLI|Avolar Aerolíneas|AEROVOLAR|Mexico|defunct
V5|VPA|DanubeWings|VIP TAXI|Slovakia|Former names VIP Air and VIP Wings
V5|RYL|Royal Aruban Airlines|ROYAL ARUBAN|Aruba|
V4|REK|Reem Air|REEM AIR|Kyrgyzstan|
V4|VES|Vieques Air Link|VIEQUES|United States|
V3|KRP|Carpatair|CARPATAIR|Romania|
V2|AKT|Karat|AVIAKARAT|Russia|
V2|RBY|Vision Airlines|RUBY|United States|Charter Airline and Las Vegas Tours
V0|VCV|Conviasa|CONVIASA|Venezuela|
UZ|BRQ|El-Buraq Air Transport|BURAQAIR|Libya|
UY|UYC|Cameroon Airlines|CAM-AIR|Cameroon|defunct
UX|AEA|Air Europa|EUROPA|Spain|
UU|REU|Air Austral|REUNION|France|
UT|UTA|UTair Aviation|UTAIR|Russia|WAS P2 till 2006
US|AWE|US Airways|CACTUS|United States|
US||Unavia Suisse||Switzerland|
US|USA|US Airways|CACTUS|United States|
UQ|OCM|O'Connor Airlines|OCONNOR|Australia|Defunct - Bankrupt
UP|BHS|Bahamasair|BAHAMAS|Bahamas|
UO|HKE|Hong Kong Express Airways|HONGKONG SHUTTLE|Hong Kong|
UN|TSO|Transaero Airlines|TRANSOVIET|Russia|
UM|AZW|Air Zimbabwe|AIR ZIMBABWE|Zimbabwe|
UL|ALK|SriLankan Airlines|SRILANKAN|Sri Lanka|
UK|VTI|Vistara|Vistara|India|Commenced operations 9 January 2015
UJ|LMU|Al Masria Universal Airlines|ALMASRIA|Egypt|
UI|ECA|Eurocypria Airlines|EUROCYPRIA|Cyprus|
UI|CSW|SW Italia|SILKITALIA|Italy|
UH|USH|US Helicopter|US-HELI|United States|
UG|SEN|SevenAir|S-BAR|United States|
UG|TUI|Tuninter||Tunisia|
UF|UKM|UM Airlines|UKRAINE MEDITERRANEE|Ukraine|Ukraine Mediterranean Airlines
UE|NAS|Nasair|NASAIRWAYS|Eritrea|
UE|TEP|Transeuropean Airlines|TRANSEURLINE|Russia|
UD|HER|Hex'Air|HEX AIRLINE|France|
UC|LCO|LATAM Cargo Chile|LAN CARGO|Chile|
UB|UBA|Myanma Airways|UNIONAIR|Myanmar|
UA|UAL|United Airlines|UNITED|United States|
U8|RNV|Armavia|ARMAVIA|Armenia|defunct, ICAO code no longer allocated
U7|UGA|Air Uganda|UGANDA|Uganda|
U7||Northern Dene Airways||Canada|
U7|JUS|USA Jet Airlines|JET USA|United States|
U6|SVR|Ural Airlines|SVERDLOVSK AIR|Russia|
U5|GWY|USA3000 Airlines|GETAWAY|United States|
U4|BHA|Buddha Air|BUDDHA AIR|Nepal|
U4|PMT|PMTair|MULTITRADE|Cambodia|Progress Multitrade
U3|AIA|Avies|AVIES|Estonia|
U2|EZY|easyJet|EASY|United Kingdom|
U2|UFS|United Feeder Service|FEEDER EXPRESS|United States|formerly part of United Express
TZ|TWG|air-taxi Europe|TWINGOOSE|Germany|
TZ|AMT|ATA Airlines|AMTRAN|United States|defunct
TZ||Tsaradia||Madagascar|
TY|TPC|Air Calédonie|AIRCAL|France|
TY|IWD|Iberworld|IBERWORLD|Spain|
TX|FWI|Air Caraïbes|FRENCH WEST|France|
TX|TAN|Transportes Aéreos Nacionales||Honduras|Defunct
TW|TWB|T'way Air|TWAYAIR|Republic of Korea|
TV|VEX|Virgin Express|VIRGIN EXPRESS|Belgium|
TU|TAR|Tunisair|TUNAIR|Tunisia|
TT|KLA|Air Lithuania|KAUNAS|Lithuania|defunct
TT|TGG|Tigerair Australia|TIGGOZ|Australia|Previously TGW, callsign GO CAT
TS|TSC|Air Transat|AIR TRANSAT|Canada|
TR|TGW|Scoot|SCOOTER|Singapore|Former IATA: TZ Former ICAO: SCO; Adopted Tigerair codes after their merger
TR|TBA|Transbrasil|TRANSBRASIL|Brazil|defunct
TR|TGW|Tigerair Singapore|GO CAT|Singapore|Merged with Scoot
TQ|TDM|Tandem Aero|TANDEM|Moldova|
TP|TAP|TAP Portugal|AIR PORTUGAL|Portugal|
TO|PSD|President Airlines||Cambodia|
TO|TVF|Transavia France|FRANCE SOLEIL|France|
TN|THT|Air Tahiti Nui|TAHITI AIRLINES|France|
TM|LAM|Linhas Aéreas de Moçambique|MOZAMBIQUE|Mozambique|
TL|ANO|Airnorth|TOPEND|Australia|
TL|TMA|Trans Mediterranean Airlines|TANGO LIMA|Lebanon|
TK|THY|Turkish Airlines|TURKISH|Turkey|
TJ|GPD|Tradewind Aviation|GOODSPEED|United States|
TI|TOL|Tol-Air Services|TOL AIR|United States|
TH||BA Connect||United Kingdom|
TH|TSE|Transmile Air Services|TRANSMILE|Malaysia|
TG|THA|Thai Airways International|THAI|Thailand|
TF|SCW|Malmö Aviation|SCANWING|Sweden|
TE|LIL|FlyLal|LITHUANIA AIR|Lithuania|defunct
TE|IGA|Skytaxi|IGUANA|Poland|
TD|LUR|Atlantis European Airways||Armenia|
TD|TLP|Tulip Air|TULIPAIR|Netherlands|
TC|ATC|Air Tanzania|TANZANIA|Tanzania|
TC|ATC|Air Tanzania Company Limited|TANZANIA|Tanzania|
T9|TRZ|TransMeridian Airlines|TRANS-MERIDIAN|United States|Defunct
T9|TSX|Thai Star Airlines|THAI STAR|Thailand|
T7|TJT|Twin Jet|TWINJET|France|
T6|TVR|Tavrey Airlines|TAVREY|Ukraine|
T5|TUA|Turkmenhovayollary|TURKMENISTAN|Turkmenistan|
T4|TIB|TRIP Linhas Aéreas|TRIP|Brazil|IATA code 8R changed to T4 (2010)
T3|EZE|Eastern Airways|EASTFLIGHT|United Kingdom|
T2|TCG|Thai Air Cargo|THAI CARGO|Thailand|
SZ|WOW|Air Southwest|SWALLOW|United Kingdom|defunct
SY|SCX|Sun Country Airlines|SUN COUNTRY|United States|
SX|SRK|Sky Work Airlines|SKYFOX|Switzerland|
SX|SKB|Skybus Airlines|SKYBUS|United States|defunct
SW|NMB|Air Namibia|NAMIBIA|Namibia|
SV|SVA|Saudia|SAUDIA|Saudi Arabia|
SU|AFL|Aeroflot Russian Airlines|AEROFLOT|Russia|
ST|GMI|Germania|GERMANIA|Germany|
SS|CRL|Corsairfly|CORSAIR|France|
SS|CRL|Corsairfly|CORSAIR|France|
SR|SWR|Swissair|SWISSAIR|Switzerland|defunct
SR|SDR|Sundair|SUNDAIR|Germany|
SQ|SIA|Singapore Airlines|SINGAPORE|Singapore|
SQ|SQC|Singapore Airlines Cargo|SINGCARGO|Singapore|
SP|SAT|SATA Air Acores|SATA|Portugal|
SO|HKA|Superior Aviation|SPEND AIR|United States|
SO|OSL|Sosoliso Airlines|SOSOLISO|Nigeria|
SO|AAS|Sunshine Airlines||	defunct
SN|BXI|Brussels International Airlines|XENIA|Belgium|
SN|BEL|Brussels Airlines|BEE-LINE|Belgium|
SM|AAW|Aberdeen Airways||United Kingdom|defunct; subsidiary of Air Provence
SM|SRL|Swedline Express|Starline|Sweden|Ceased operations 2006
SL|RSL|Rio Sul Serviços Aéreos Regionais|RIO SUL|Brazil|defunct
SL|TLM|Thai Lion Mentari|MENTARI|Thailand|
SK|SAS|Scandinavian Airlines|SCANDINAVIAN|Sweden, Denmark and Norway|
SK|CNO|SAS Braathens|SCANOR|Norway|
SJ|FOM|Freedom Air|FREE AIR|New Zealand|Operated from 1995 to 30 March 2008
SI|SIH|Skynet Airlines|BLUEJET|Ireland|
SH|FLY|Fly Me Sweden|FLYBIRD|Sweden|
SH|SHA|Sharp Airlines|SHARP|Australia|Uses unregistered ICAO & IATA.
SG|JGO|JetsGo|JETSGO|Canada|defunct
SG|SEJ|Spicejet|SPICEJET|India|
SF|DTH|Tassili Airlines|TASSILI AIR|Algeria|
SE|SEU|XL Airways France|STARWAY|France|
SD|SUD|Sudan Airways|SUDANAIR|Sudan|
SC|CDG|Shandong Airlines|SHANDONG|China|
SB|ACI|Air Caledonie International|AIRCALIN|France|
SA|SAA|South African Airways|SPRINGBOK|South Africa|
S9|HSA|East African Safari Air|DUMA|Kenya|
S8|CSU|Chari Aviation Services|CHARI SERVICE|Chad|
S8|SWW|Shovkoviy Shlyah|WAY AERO|Ukraine|
S8|SWZ|Skywise Airline|SKYWISE|South Africa|
S7|SBI|S7 Airlines|SIBERIAN AIRLINES|Russia|
S6|SRR|Star Air|WHITESTAR|Denmark|
S6||Star Air||Denmark|
S5|TCF|Shuttle America|MERCURY|United States|
S5|TSJ|Trast Aero|TRAST AERO|Kyrgyzstan|
S4|RZO|SATA International|AIR AZORES|Portugal|
S3|BBR|Santa Barbara Airlines|SANTA BARBARA|Venezuela|
S2|RSH|Air Sahara|SAHARA|India|renamed to Jetlite
S0|OKS|Slok Air Gambia|SLOK GAMBIA|Gambia|
RZ||Euro Exec Express||Sweden|
RX|AEH|Aviaexpress|AVEX|Hungary|defunct
RW|RPA|Republic Airlines|BRICKYARD|United States|
RV*|AFI|Africaone|AFRICAWORLD|The Gambia|
RV|ROU|Air Canada Rouge|ROUGE|Canada|
RV|CPN|Caspian Airlines|CASPIAN|Iran|
RU|ABW|AirBridge Cargo|AIRBRIDGE CARGO|Russia|Former IATA: BO
RU|SKI|SkyKing Turks and Caicos Airways|SKYKING|Turks and Caicos Islands|IATA was QW
RT|BUG|UVT Aero||Russia|
RS|ASV|Air Seoul|AIR SEOUL|South Korea|
RS|ICT|Intercontinental de Aviación|CONTAVIA|Colombia|
RS|MJN|Royal Air Force of Oman|MAJAN|Oman|
RR|RFR|Royal Air Force|RAFAIR|United Kingdom|
RQ|KMF|Kam Air|KAMGAR|Afghanistan|
RP*|CHQ|Chautauqua Airlines|CHAUTAUQUA|United States|Was US*
RO|ROT|Tarom|TAROM|Romania|
RL|RIO|Rio Linhas Aéreas|RIO|Brazil|
RL|PPW|Royal Phnom Penh Airways|PHNOM-PENH AIR|Cambodia|
RK|RCT|Skyview Airways|GREENSKY|THAILAND|2014[40]
RK|RKH|Royal Khmer Airlines|KHMER AIR|Cambodia|
RJ|RJA|Royal Jordanian|JORDANIAN|Jordan|
RI|MDL|Mandala Airlines|MANDALA|Indonesia|
RH|HKC|Hong Kong Air Cargo|MASCOT|Hong Kong|
RH|RPH|Republic Express Airlines|PUBLIC EXPRESS|Indonesia|
RG|VRN|VRG Linhas Aéreas|VARIG|Brazil|
RF|FWL|Florida West International Airways|FLO WEST|United States|
RE|REA|Aer Arann|AER ARANN|Ireland|
RE|STK|Stobart Air|STOBART|Ireland|
RD|RYN|Ryan International Airlines|RYAN INTERNATIONAL|United States|
RC|FLI|Atlantic Airways|FAROELINE|Faroe Islands|
RB|SBK|Air Srpska|Air Srpska|Bosnia and Herzegovina|defunct
RB|SYR|Syrian Arab Airlines|SYRIANAIR|Syrian Arab Republic|
RA|RNA|Nepal Airlines|ROYAL NEPAL|Nepal|was Royal Nepal Airlines
R9|CAM|Camai Air|AIR CAMAI|United States|Village Aviation
R8|KGA|Kyrgyzstan Airlines|KYRGYZ|Kyrgyzstan|
R7|OCA|Aserca Airlines|AROSCA|Venezuela|
R6||RACSA||Guatemala|
R5|JAV|Jordan Aviation|JORDAN AVIATION|Jordan|
R5|MAC|Malta Air Charter|MALTA CHARTER|Malta|Defunct?
R3|RME|Armenian Airlines|ARMENIAN|Armenia|defunct
R3|SYL|Aircompany Yakutia|AIR YAKUTIA|Russia|
R3|SYL|Yakutia Airlines|AIR YAKUTIA|Russia|
R2|ORB|Orenburg Airlines|ORENBURG|Russia|
R1||Sirin||	
R0|RPK|Royal Airlines|ROYAL PAKISTAN|Pakistan|
QZ|AWQ|Indonesia AirAsia|WAGON AIR|Indonesia|
QY|BCS|European Air Transport|EUROTRANS|Belgium|
QX|QXE|Horizon Air|HORIZON AIR|United States|
QW|BWG|Blue Wings|BLUE WINGS|Germany|defunct
QV|LAO|Lao Airlines|LAO|Lao People's Democratic Republic|
QU|UTN|UTair-Ukraine|UT Ukraine|Ukraine|
QU|UGA|Uganda Airlines|UGANDA|Uganda|Ceased operations 2001
QT|TPA|TAMPA|TAMPA|Colombia|
QS|QSC|African Safari Airways|ZEBRA|Kenya|
QS|TVS|Smartwings|SKYTRAVEL|Czech Republic|
QR|QTR|Qatar Airways|QATARI|Qatar|
QQ|UTY|Alliance Airlines|UNITY|Australia|
QQ|ROA|Reno Air|RENO AIR|United States|defunct
QO|MPX|Aeromexpress|AEROMEXPRESS|Mexico|
QO|OGN|Origin Pacific Airways|ORIGIN|New Zealand|
QN|ARR|Air Armenia|AIR ARMENIA|Armenia|
QM|AML|Air Malawi|MALAWI|Malawi|
QL|RLN|Aero Lanka|AERO LANKA|Sri Lanka|
QL|RLN|Lankan Cargo|AERO LANKA|Sri Lanka|
QL|LER|Línea Aérea de Servicio Ejecutivo Regional|LASER|Venezuela|
QK|JZA|Air Canada Jazz|JAZZ|Canada|
QJ||Jet Airways||United States|
QI|CIM|Cimber Sterling|CIMBER|Denmark|
QH|LYN|Air Kyrgyzstan|ALTYN AVIA|Kyrgyzstan|Name changed from Kyrgyzstan
QH|FLZ|Aero Leasing|AIR FLORIDA|United States|dba Air Florida
QH|FLA|Air Florida|PALM|United States|relaunching
QH|LYN|Kyrgyzstan|ALTYN AVIA|Kyrgyzstan|Name changed to Air Kyrgyzstan
QF|EAQ|Eastern Australia Airlines|EASTERN|Australia|IATA dupe with parent QANTAS. Also uses 2 letter ICAO EA.
QF|QFA|Qantas|QANTAS|Australia|
QF|QLK|Qantaslink|QLINK|Australia|Turbo-Props
QF|QJE|Qantaslink|QJET|Australia|Qantaslink Jet Operations
QF|SSQ|Sunstate Airlines|SUNSTATE|Australia|Uses IATA of parent QANTAS.
QE|ECC|Crossair Europe|Cigogne|Switzerland|
QD|QCL|Air Class Líneas Aéreas|ACLA|Uruguay|
QC|CRD|Air Corridor|AIR CORRIDOR|Mozambique|defunct
QB|AAJ|Air Alma|AIR ALMA|Canada|Ceased operations 10/01/2002; former IATA code: 4L
QB|GFG|Georgian National Airlines|NATIONAL|Georgia|
Q9|AFU|Afrinat International Airlines|AFRINAT|Gambia|defunct, ICAO code no longer allocated
Q8|PEC|Pacific East Asia Cargo Airlines|PAC-EAST CARGO|Philippines|
Q7|SBM|SkyBahamas|SKY BAHAMAS|Bahamas|
Q6|CDP|Aero Condor Peru|CONDOR-PERU|Peru|
Q5|MLA|40-Mile Air|MILE-AIR|United States|
Q4||Mastertop Linhas Aéreas||Brazil|
Q4|SWX|Swazi Express Airways|SWAZI EXPRESS|Swaziland|
Q4|TLK|Starlink Aviation|STARLINK|Canada|
Q3|MBN|Zambian Airways|ZAMBIANA|Zambia|
Q2|DQA|Maldivian (airline)|SKYSURFER|Maldives|
PZ|LAP|LATAM Paraguay|PARAGUAYA|Paraguay|
PZ|LAP|TAM Mercosur|PARAGUAYA|Paraguay|
PY|SLM|Surinam Airways|SURINAM|Suriname|
PX|ANG|Air Niugini|NIUGINI|Papua New Guinea|
PW|PRF|Precision Air|PRECISION AIR|Tanzania|
PV|PNR|PAN Air|SKYJET|Spain|
PV|SBU|St Barth Commuter|BLACK FIN|France|
PU|PUA|PLUNA|PLUNA|Uruguay|
PT|CCI|Capital Cargo International Airlines|CAPPY|United States|Allocation deleted 2013
PT|SWN|West Air Sweden|AIR SWEDEN|Sweden|
PS|AUI|Ukraine International Airlines|UKRAINE INTERNATIONAL|Ukraine|
PR|PAL|Philippine Airlines|PHILIPPINE|Philippines|
PP|PJS|Jet Aviation|JETAVIATION|Switzerland|
PO|PAC|Polar Air Cargo|POLAR|United States|
PN|CHB|West Air (China)|WEST CHINA|China|
PN||Pan American Airways||United States|defunct
PM|TOS|Tropic Air|TROPISER|Belize|
PL|PLI|Aeroperú|Aeroperu|Peru|defunct
PL|ASE|Airstars|MOROZOV|Russia|defunct
PK|PIA|Pakistan International Airlines|PAKISTAN|Pakistan|
PJ|SPM|Air Saint Pierre|SAINT-PIERRE|France|
PI|PDT|Piedmont Airlines (1948-1989)|PIEDMONT|United States|defunct
PI|SGU|Sol del Paraguay|SOLPARAGUAYO|Paraguay|
PI|SUF|Sun Air (Fiji)|SUNFLOWER|Fiji|
PH|PAO|Polynesian Airlines|POLYNESIAN|Samoa|
PG|BKP|Bangkok Airways|BANGKOK AIR|Thailand|
PF|PNW|Palestinian Airlines|PALESTINIAN|Egypt|
PE|AEL|Air Europe Italy|AIR EUROPE|Italy|defunct
PE|PEV|People's|PEOPLES|Austria|Previously used by Pegaviation
PD|POE|Porter Airlines|PORTER|Canada|
PC|FAJ|Air Fiji|FIJIAIR|Fiji|defunct
PC|PVV|Continental Airways|CONTAIR|Russia|
PC|PGT|Pegasus Airlines|SUNTURK|Turkey|WAS 1I, H9
PA|FCL|Florida Coastal Airlines|FLORIDA COASTAL|United States|
PA|PAA|Pan American Airways||United States|defunct
PA|PAA|Pan American World Airways|CLIPPER|United States|
P9||Nas Air||Mali|
P9|PGP|Perm Airlines|PERM AIR|Russia|
P9|PVN|Peruvian Airlines||Peru|
P8|MKG|Air Mekong|MEKONG|Vietnam|defunct
P8|PTN|Pantanal Linhas Aéreas|PANTANAL|Brazil|
P7|REP|Regional Paraguaya|REGIOPAR|Paraguay|Defunct
P7|ESL|Russian Sky Airlines|RADUGA|Russia|
P6|PSC|Pascan Aviation|PASCAN|Canada|1999
P6|PVG|Privilege Style Líneas Aéreas|PRIVILEGE|Spain|
P5|RPB|AeroRepública|AEROREPUBLICA|Colombia|
P3|PTB|Passaredo Transportes Aéreos|PASSAREDO|Brazil|
P0|PFZ|Proflight Zambia|PROFLIGHT-ZAMBIA|Zambia|
OZ|AAR|Asiana Airlines|ASIANA|Republic of Korea|
OZ|OZR|Ozark Air Lines|OZARK|United States|Defunct
OY|ANS|Andes Líneas Aéreas|AEROANDES|Argentina|
OY|OAE|Omni Air International|OMNI-EXPRESS|United States|
OX|OEA|Orient Thai Airlines|ORIENT THAI|Thailand|
OW|EXK|Executive Airlines|EXECUTIVE EAGLE|United States|American Eagle
OV|ELL|Estonian Air|ESTONIAN|Estonia|
OV|OMS|SalamAir|MAZOON|Oman|Oman’s first Low Cost Carrier
OU|CTN|Croatia Airlines|CROATIA|Croatia|
OT|PEL|Aeropelican Air Services|PELICAN|Australia|
OS|AUA|Austrian Airlines|AUSTRIAN|Austria|
OR|TFL|TUI Airlines Netherlands|ORANGE|Netherlands|
OP|CHK|Chalk's International Airlines|CHALKS|United States|
OO|SKW|SkyWest Airlines|SKYWEST|United States|
ON|RON|Our Airline|OUR AIRLINE|Nauru|formerly Air Nauru
OM|MGL|MIAT Mongolian Airlines|MONGOL AIR|Mongolia|
OL|OLT|OLT Express Germany|OLTRA|Germany|
OL|SZB|Samoa Air|SAMOA|Samoa|
OK|CSA|Czech Airlines|CSA|Czech Republic|
OK|CSA|Czech Airlines|CSA-LINES|Czech Republic|
OJ|FJM|Fly Jamaica Airways|GREENHEART|Jamaica|
OJ|OLA|Overland Airways|OVERLAND|Nigeria|
OH|COM|Comair|COMAIR|United States|
OH|JIA|PSA Airlines|BLUE STREAK|United States|part of American Airlines Group
OF|FIF|Air Finland|AIR FINLAND|Finland|
OF|ENT|Enter Air|ENTER|Poland|
OF|TML|Transports et Travaux Aériens de Madagascar|TAM AIRLINE|Madagascar|
OE|AOT|Asia Overnight Express|ASIA OVERNIGHT|Philippines|
OE[28]|LDM|LaudaMotion|LAUDA MOTION|Austria|
OE|LDM|Laudamotion|LAUDA MOTION|Austria|
OD|MXD|Malindo Airways|MALINDO EXPRESS|Malaysia|
OB|ASZ|Astrakhan Airlines|AIR ASTRAKHAN|Russia|defunct
OB|AAT|Austrian Airtransport|AUSTRIAN CHARTER|Austria|defunct; former IATA code: U8, OG; former ICAO code: AUC
OB|BOV|Boliviana de Aviación|BOLIVIANA|Bolivia|
OB|AAN|Oasis International Airlines Now assigned to Boliviana de Aviacion (BoA)|OASIS|Spain|Ceased operations
OA|OAL|Olympic Air|OLYMPIC|Greece|
OA|OAL|Olympic Airlines|OLYMPIC|Greece|Defunct
O9|NOV|Nova Airline|NOVANILE|Sudan|
O8|OHK|Oasis Hong Kong Airlines|OASIS|Hong Kong|Defunct
O7|OZJ|Ozjet Airlines|AUSJET|Australia|
O6|ONE|Avianca Brazil|OCEAN AIR|Brazil|Owned by Synergy Group
O6|ONE|Avianca Brazil|OCEANAIR|Brazil|formerly Oceanair
O4|ABV|Antrak Air|ANTRAK|Ghana|
O3|CSS|SF Airlines|SHUN FENG|China|
O2|JEA|OLT Express|JETA|Poland|defunct, funded by acquisition of Jet Air and YES Airways
O2||Linear Air|HARPOON|United States|Allocated in 2017
TE|ANZ|Air New Zealand|NEW ZEALAND|New Zealand|"NZ" used by New Zealand National Airways Corporation until its merger with Air New Zealand in 1978
NZ|EAG|Eagle Airways|EAGLE|New Zealand|
NY|FXI|Air Iceland|FAXI|Iceland|
NX|AMU|Air Macau|AIR MACAO|Macao|
NW|NWA|Northwest Airlines|NORTHWEST|United States|defunct
NV|CRF|Air Central|AIR CENTRAL|Japan|Ceased operations 2010
NU|JTA|Japan Transocean Air|JAI OCEAN|Japan|
NT|IBB|Binter Canarias|BINTER|Spain|
NR|PIR|Pamir Airways|PAMIR|Afghanistan|
NQ|AJX|Air Japan|AIR JAPAN|Japan|
NO|AUS|Aus-Air||Australia|defunct
NO|NOS|Neos|MOONFLOWER|Italy|
NN|MOV|VIM Airlines|MOV AIR|Russia|
NM|DRD|Air Madrid|ALADA AIR|Spain|defunct
NM|NZM|Mount Cook Airlines|MOUNTCOOK|New Zealand|
NL|SAI|Shaheen Air International|SHAHEEN AIR|Pakistan|
NK|NKS|Spirit Airlines|SPIRIT WINGS|United States|
NK|NKS|Spirit Airlines|SPIRIT WINGS|United States|
NI||LANICA||Nicaragua|
NI|PGA|Portugalia|PORTUGALIA|Portugal|
NH|ANA|All Nippon Airways|ALL NIPPON|Japan|
NG|LDA|Lauda Air|LAUDA AIR|Austria|
NF|AVN|Air Vanuatu|AIR VAN|Vanuatu|
NE|ESK|SkyEurope|RELAX|Slovakia|defunct
NC|NJS|National Jet Systems|NATIONAL JET|Australia|
NC|NAC|Northern Air Cargo|YUKON|United States|
NB|SNB|Sterling Airlines|STERLING|Denmark|
NA|NAL|National Airlines|NATIONAL|United States|defunct
NA|NAO|North American Airlines|NORTH AMERICAN|United States|
N9||North Coast Aviation||Papua New Guinea|
N9|SHA|Shree Airlines|SHREEAIR|Nepal|
N8|HGK|Fika Salaama Airlines|SALAAMA|Uganda|
N8|NCR|National Air Cargo dba National Airlines|NATIONAL CARGO|United States|
N7|ROK|National Airlines|RED ROCK|United States|defunct
N6|JEV|Lagun Air||Spain|
N6|ACQ|Nuevo Continente|AERO CONTINENTE|Peru|Operating license revoked by Chile 10/06/2002; Ceased operations 2005; Former name: Aero Continente
N5|KGZ|Kyrgyz Airlines|BERMET|Kyrgyzstan|
N5|FEY|Fly Easy|FLYEASY|India|
N5||Norfolk Air||Norfolk Island|Defunct
N5|SGY|Skagway Air Service|SKAGWAY AIR|United States|
N4|MTC|Mountain Air Company|MOUNTAIN LEONE|Sierra Leone|
N4|NCN|National Airlines||Chile|
N4|NWS|Nordwind Airlines|NORDLAND|Russia|
N2|DAG|Dagestan Airlines|DAGAL|Russia|
N2|QNK|Kabo Air|KABO|Nigeria|
MZ|MNA|Merpati Nusantara Airlines|MERPATI|Indonesia|
MY|MXJ|Maxjet Airways|MAX-JET|United States|Defunct
MY|MWA|Midwest Airlines (Egypt)||Egypt|
MX|MXA|Mexicana de Aviación|MEXICANA|Mexico|
MW|MYD|Maya Island Air|MYLAND|Belize|
MW|MUL|Mokulele Airlines|MUKULELE|United States|Callsign and code changed from BUG/SPEEDBUGGY in 2013
MV|RML|Air Mediterranean|HELLASMED|Greece|
MU|CES|China Eastern Airlines|CHINA EASTERN|China|
MT|JMC|JMC Airlines|JAYEMMSEE|United Kingdom|
MT|TCX|Thomas Cook Airlines|THOMAS COOK|United Kingdom|Formerly "KESTREL”
MS|MSR|Egyptair|EGYPTAIR|Egypt|
MR|MRT|Air Mauritanie|MIKE ROMEO|Mauritania|
MR|MML|Hunnu Air|TRANS MONGOLIA|Mongolia|
MQ|EGF|American Eagle Airlines|EAGLE FLIGHT|United States|Renamed Envoy Air, ICAO Code and Callsign withdrawn in 2014
MQ|ENY|Envoy Air|ENVOY|United States|2014[15]
MP|MPH|Martinair|MARTINAIR|Netherlands|
MO|AUH|Abu Dhabi Amiri Flight|SULTAN|United Arab Emirates|Presidential flight
MO|CAV|Calm Air|CALM AIR|Canada|
MN|CAW|Comair|COMMERCIAL|South Africa|
MM|MMZ|EuroAtlantic Airways|EUROATLANTIC|Portugal|
MM|SAM|SAM Colombia|SAM|Colombia|Sociedad Aeronáutica De Medellín
ML|BIE|Air Mediterranee|MEDITERRANEE|France|
ML|ETC|African Transport Trading and Investment Company|TRANATTICO|Sudan|
ML|MDW|Midway Airlines (1976–1991)|MIDWAY|United States|defunct
MK|MAU|Air Mauritius|AIRMAURITIUS|Mauritius|
MJ|LPR|Líneas Aéreas Privadas Argentinas|LAPA|Argentina|defunct
MJ|MLR|Mihin Lanka|MIHIN LANKA|Sri Lanka|
MI|SLK|SilkAir|SILKAIR|Singapore|
MH|MWG|MASwings|MASWINGS|Malaysia|
MH|MAS|Malaysia Airlines|MALAYSIAN|Malaysia|
MG|CCP|Champion Air|CHAMPION AIR|United States|
MF|CXA|Xiamen Airlines|XIAMEN AIR|China|
ME|MEA|Middle East Airlines|CEDAR JET|Lebanon|
MD|MDG|Air Madagascar|AIR MADAGASCAR|Madagascar|
MC|RCH|Air Mobility Command|REACH|United States|United States Air Force
MB|EXA|Execair Aviation|CANADIAN EXECAIRE|Canada|
MB|MNB|MNG Airlines|BLACK SEA|Turkey|
MA|MAH|Malév Hungarian Airlines|MALEV|Hungary|defunct
M9|MSI|Motor Sich|MOTOR SICH|Ukraine|
M8|MKN|Mekong Airlines|MEKONG AIRLINES|Cambodia|Defunct
M7|MAA|MasAir|MAS CARGA|Mexico|
M7|MSL|Marsland Aviation|MARSLANDAIR|Sudan|
M7|TBG|Tropical Airways||Haiti|
M6|AJT|Amerijet International|AMERIJET|United States|
M5|KEN|Kenmore Air|KENMORE|United States|
M4|MSA|Mistral Air|AIRMERCI|Italy|
M3|TUS|ABSA Cargo|Turismo|Brazil|
M3|SPJ|Air Service|AIR SKOPJE|Macedonia|
M3|NFA|North Flying|NORTH FLYING|Denmark|
M2|MZS|Mahfooz Aviation|MAHFOOZ|Gambia|
M2|MHV|MHS Aviation GmbH|SNOWCAP|Germany|
LZ||Balkan Bulgarian Airlines||Bulgaria|defunct
LZ[45]|SWU|Swiss Global Air Lines|EUROSWISS|Switzerland|
LY|ELY|El Al Israel Airlines|ELAL|Israel|
LX|SWR|Swiss International Air Lines|SWISS|Switzerland|
LW|NMI|Pacific Wings|TSUNAMI|United States|
LW|FDY|Sun Air International|FRIENDLY|United States|
LV|LBC|Albanian Airlines|ALBANIAN|Albania|
LV|LVL|Level|LEVEL|Spain and France|
LU|LXP|LATAM Express|LANEX|Chile|
LT|LTU|LTU International|LTU|Germany|
LT|SNG|LongJiang Airlines|SNOW EAGLE|China|
LS|EXS|Jet2.com|CHANNEX|United Kingdom|
LR|LRC|LACSA|LACSA|Costa Rica|
LQ|LAQ|Lebanese Air Transport|LAT|Lebanon|
LP|LPE|LATAM Peru|LANPERU|Peru|
LO|LOT|LOT Polish Airlines|POLLOT|Poland|
LN|LAA|Libyan Arab Airlines|LIBAIR|Libya|
LM|LVG|Livingston Energy Flight|LIVINGSTON|Italy|
LM|LOG|Loganair|LOGAN|United Kingdom|
LL|GRO|Allegro|ALLEGRO|Mexico|defunct (IATA code reallocated)
LL|BSK|Miami Air International|BISCAYNE|United States|Previous IATA Code "GL"
LK|LXR|Air Luxor|AIRLUXOR|Portugal|ICAO code no longer allocated
LJ|JNA|Jin Air|JIN AIR|South Korea|
LJ|SLA|Sierra National Airlines|SELAIR|Sierra Leone|
LI|LIA|Leeward Islands Air Transport|LIAT|Antigua and Barbuda|
LH|DLH|Lufthansa|LUFTHANSA|Germany|
LH|GEC|Lufthansa Cargo|LUFTHANSA CARGO|Germany|
LG|LGL|Luxair|LUXAIR|Luxembourg|
LF|NDC|FlyNordic|NORDIC|Sweden|defunct
LD|AHK|Air Hong Kong|AIR HONG KONG|Hong Kong|
LC|VLO|Varig Logística|VELOG|Brazil|
LB|LLB|Lloyd Aéreo Boliviano|LLOYDAEREO|Bolivia|
LA|LAN|LATAM Chile|LAN CHILE|Chile|
L9|MLI|Air Mali|AIR MALI|Mali|defunct
L9|BAL|Belle Air Europe|BELLEAIR EUROPE|Italy|Previously Britannia Airways
L9|BTZ|Bristow U.S. LLC|BRISTOW|United States|
L9|TLW|Teamline Air|Teamline|Austria|
L8|LXG|Air Luxor GB|LUXOR GOLF|Guinea-Bissau|
L7|LPN|Laoag International Airlines|LAOAG AIR|Philippines|
L7|LNP|Línea Aérea SAPSA|SAPSA|Chile|
L6|VNZ|Tbilaviamsheni|TBILAVIA|Georgia|
L5||Línea Aérea Cuencana||Ecuador|
L5|LTR|Lufttransport|LUFT TRANSPORT|Norway|
L4|SSX|Lynx Aviation|SHASTA|United States|Part of Frontier Airlines
L3|JOS|DHL de Guatemala||Guatemala|
L3|LTO|LTU Austria|BILLA TRANSPORT|Austria|
L2|LYC|Lynden Air Cargo|LYNDEN|United States|
L1||Lufthansa Systems||Germany|
KZ|NCA|Nippon Cargo Airlines|NIPPON CARGO|Japan|
KY|EQL|Air São Tomé and Príncipe|EQUATORIAL|São Tomé and Príncipe|defunct
KX|CAY|Cayman Airways|CAYMAN|Cayman Islands|
KW|KHK|Kharkiv Airlines|SUNRAY|Ukraine|
KW|WAN|Wataniya Airways|WATANIYA|Kuwait|
KV|MVD|Kavminvodyavia|AIR MINVODY|Russia|
KV|SKV|Sky Regional Airlines|MAPLE|Canada|
KU|KAC|Kuwait Airways|KUWAITI|Kuwait|
KS|PEN|Peninsula Airways|PENINSULA|United States|
KR|CWK|Comores Airlines|CONTICOM|Comoros|
KQ|KQA|Kenya Airways|KENYA|Kenya|
KP|KIA|Kiwi International Air Lines|KIWI AIR|United States|
KO|AER|Alaska Central Express|ACE AIR|United States|
KN|CUA|China United Airlines|LIANHANG|China|
KM|AMC|Air Malta|AIR MALTA|Malta|
KL|KLM|KLM|KLM|Netherlands|
KK|KKK|Atlasjet|ATLASJET|Turkey|
KJ|AAZ|Asian Air||Kyrgyzstan|
KJ|LAJ|British Mediterranean Airways|BEE MED|United Kingdom|
KI|AAG|Air Atlantique|ATLANTIC|United Kingdom|Former name: Atlantic Air Transport; former IATA codes: 7M, DG, transferred to Atlantic Flight Training in 2014.
KI|DHI|Adam Air|ADAM SKY|Indonesia|defunct
KH|AAH|Aloha Air Cargo|ALOHA|United States|
KG|BNX|LAI - Línea Aérea IAACA|AIR BARINAS|Venezuela|
KF|BLF|Blue1|BLUEFIN|Finland|
KE|KAL|Korean Air|KOREANAIR|South Korea|
KD|AEN|Air Enterprise|AIR ENTERPRISE|France|defunct
KD|KLS|Kalstar Aviation|KALSTAR|Indonesia|
KD|KNI|KD Avia|KALININGRAD AIR|Russia|
KC|KZR|Air Astana|ASTANALINE|Kazakhstan|
KB|DRK|Druk Air|ROYAL BHUTAN|Bhutan|
KA|HDA|Cathay Dragon|DRAGON|Hong Kong|
K9|KFS|Kalitta Charters|KALITTA|United States|Operates Lear 20s & 30s, Falcon 20s, & King Airs
K9|KRI|Krylo Airlines|Krylo|Russia|
K8|ZAK|Airlink Zambia||Zambia|Zambia Skyways Limited
K6|KHV|Angkor Air|AIR ANGKOR|Cambodia|
K6|KHV|Cambodia Angkor Air|ANGKOR AIR|Cambodia|
K6|KZW|Khalifa Airways|KHALIFA AIR|Algeria|
K5|SQH|SeaPort Airlines|SASQUATCH|United States|Former airline: Wings of Alaska now part of SeaPort Airlines. Alternative callsign: WINGS (for VFR flights only). Former ICAO code: WAK.
K4|CKS|Kalitta Air|CONNIE|United States|Operates 747-200s & -400s
K3|TQN|Taquan Air Services|TAQUAN|United States|
K2|ELO|Eurolot|EUROLOT|Poland|
JZ|SKX|Avia Express|SKY EXPRESS|Sweden|Former names: AMA-Flyg I Goteborg; Salair; former ICAO code: AAX
JZ|SKX|Skyways Express|SKY EXPRESS|Sweden|Ceased operations 2012; Operations continue as Avia Express
JY|IWY|InterCaribbean Airways|ISLANDWAYS|Turks and Caicos Islands|Name changed from Interisland Airways Limited and Air Turks & Caicos
JY|TCI|Air Turks and Caicos|KERRMONT|Turks and Caicos Islands|ICAO code no longer allocated
JX|JEC|Jett8 Airlines Cargo|TAIPAN|Singapore|
JW|APW|Arrow Air|BIG A|United States|defunct
JW|VNL|Vanilla Air|VANILLA|Japan|
JV|BLS|Bearskin Lake Air Service|BEARSKIN|Canada|
JU|ASL|Air Serbia|AIR SERBIA|Serbia|formerly JAT
JT|LNI|Lion Mentari Airlines|LION INTER|Indonesia|
JS|KOR|Air Koryo|AIR KORYO|Democratic People's Republic of Korea|
JR|SER|Aero California|AEROCALIFORNIA|Mexico|
JQ|JST|Jetstar Airways|JETSTAR|Australia|
JP|ADR|Adria Airways|ADRIA|Slovenia|
JO|JAZ|JALways|JALWAYS|Japan|
JO|JTG|Jettime|JETTIME|Denmark|
JN|XLA|Excel Airways|EXPO|United Kingdom|
JM|AJM|Air Jamaica|JAMAICA|Jamaica|merged into Caribbean Airlines; ICAO and IATA codes no longer used.
JM|JKT|Jetstar Hong Kong Airways|KAITAK|China|
JL|JAL|Japan Airlines|JAPANAIR|Japan|Japan Airlines International
JL|JAL|Japan Airlines Domestic|J-BIRD|Japan|defunct
JK|JKK|Spanair|SPANAIR|Spain|defunct
JJ|AGX|Aviogenex|GENEX|Serbia|
JJ|TAM|LATAM Brasil|TAM|Brazil|
JI|JAE|Jade Cargo International|JADE CARGO|China|
JI|MDW|Midway Airlines (1993–2003)|MIDWAY|United States|defunct
JH|NES|Nordeste Linhas Aéreas Regionais|NORDESTE|Brazil|
JF|JAA|Jet Asia Airways|JET ASIA|Thailand|
JF|LAB|L.A.B. Flying Service|LAB|United States|
JE|MNO|Mango|TULCA|South Africa|
JD|CBJ|Beijing Capital Airlines|CAPITAL JET|China|
JC|JEX|JAL Express|JANEX|Japan|
JB|JBA|Helijet|HELIJET|Canada|
JA|BON|B&H Airlines|Air Bosna|Bosnia and Herzegovina|
JA|JAT|JetSMART|ROCKSMART|Chile|
J9|GIF|Guinee Airlines|GUINEE AIRLINES|Guinea|defunct
J9|JZR|Jazeera Airways|JAZEERA|Kuwait|
J8|BVT|Berjaya Air|BERJAYA|Malaysia|
J7|CVC|Centre-Avia|AVIACENTRE|Russia|
J7|DNM|Denim Air|DENIM|Netherlands|Defunct
J7|VJA|ValuJet Airlines|CRITTER|United States|Now operating as AirTran Airways. J7 Reassigned.
J6|AOC|AVCOM|AERO AVCOM|Russia|
J4|BFL|Buffalo Airways|BUFFALO|Canada|
J4|JCI|Jordan International Air Cargo||Jordan|
J3|PLR|Northwestern Air|POLARIS|Canada|
J2|AHY|Azerbaijan Airlines|AZAL|Azerbaijan|
IZ|AIZ|Arkia Israel Airlines|ARKIA|Israel|
IY|IYE|Yemenia|YEMENI|Yemen|
IX|AXB|Air India Express|EXPRESS INDIA|India|
IW|AOM|AOM French Airlines|French Lines|France|defunct
IW|WON|Wings Air|WINGS ABADI|Indonesia|Subsidiary of Lion Air
IV|JET|Wind Jet|GHIBLI|Italy|
IT|KFR|Kingfisher Airlines|KINGFISHER|India|
IT|TTW|Tigerair Taiwan|SMART CAT|Taiwan|
IR|IRA|Iran Air|IRANAIR|Iran|Was B9
IQ|AUB|Augsburg Airways|AUGSBURG-AIR|Germany|defunct
IP|JOL|Atyrau Air Ways|EDIL|Kazakhstan|
IO|IAA|Indonesian Airlines|INDO LINES|Indonesia|
IN|MAK|MAT Macedonian Airlines|MAKAVIO|Macedonia|
IN|NIH|NAM Air|NAM|Indonesia|
IM|MNJ|Menajet|MENAJET|Lebanon|
IK|KAR|Ikar|IKAR|Russian Federation|
IK|LKN|Lankair|Lankair|Sri Lanka|
IJ|GWL|Great Wall Airlines|GREAT WALL|China|
IJ|SJO|Spring Airlines Japan|JEY SPRING|Japan|
II|CSQ|IBC Airways|CHASQUI|United States|
IH||Falcon Aviation||Sweden|
IH|MZA|Irtysh Air|IRTYSH AIRLINES|Kazakhstan|Old IATA code: IT; old ICAO code: IRT
IG|AEY|Air Italy|AIR ITALY|Italy|merged into Meridiana
IG|ISS|Meridiana|MERIDIANA|Italy|Callsign was MERAIR
IF|ISW|Islas Airways|PINTADERA|Spain|
IE|SOL|Solomon Airlines|SOLOMON|Solomon Islands|
ID|BTK|Batik Air|BATIK|Indonesia|
ID|ITK|Interlink Airlines|INTERLINK|South Africa|
IC|IAC|Indian Airlines|INDAIR|India|
IB|IBE|Iberia Airlines|IBERIA|Spain|
IA|IAW|Iraqi Airways|IRAQI|Iraq|
I9|IBU|Indigo Airlines|INDIGO BLUE|United States|
I7|PMW|Paramount Airways|PARAWAY|India|
I6|SEQ|Sky Eyes|SKY EYES|Thailand|
I5|IAD|AirAsia India|ARIYA|India|Founded 28. Mar 2013
I4|FWA|Interstate Airlines|FREEWAYAIR|Netherlands|Defunct
I2|IBS|Iberia Express|IBEREXPRESS|Spain|Charter service, low cost carrier for EU flights of Iberia operating only A320's
HZ|SHU|Sakhalinskie Aviatrassy (SAT)|SATAIR|Russia|
HZ|SOZ|Sat Airlines|SATCO|Kazakhstan|
HY|UZB|Uzbekistan Airways|UZBEK|Uzbekistan|
HX|CRK|Hong Kong Airlines|BAUHINIA|Hong Kong|
HW|FHE|Hello|FLYHELLO|Switzerland|
HW|NWL|North-Wright Airways|NORTHWRIGHT|Canada|
HV|TRA|Transavia Holland|TRANSAVIA|Netherlands|
HU|CHH|Hainan Airlines|HAINAN|China|
HT|AHW|Aeromist-Kharkiv|AEROMIST|Ukraine|defunct
HR|HHN|Hahn Air|ROOSTER|Germany|
HQ|HMY|Harmony Airways|HARMONY|Canada|
HQ|TCW|Thomas Cook Airlines|THOMAS COOK|Belgium|
HP|AWE|America West Airlines|CACTUS|United States|Merged with US Airways
HP||Hawaiian Pacific Airlines||United States|defunct
HP|HPA|Pearl Airways|PEARL AIRWAYS|Haiti|IATA code withdrawn
HP||Phoenix Airways||Switzerland|
HO|DJA|Antinea Airlines|ANTINEA|Algeria|defunct
HO|DKH|Juneyao Airlines|JUNEYAO AIRLINES|China|
HN|HVY|Heavylift Cargo Airlines|HEAVY CARGO|Australia|
HM|SEY|Air Seychelles|SEYCHELLES|Seychelles|
HK|FSC|Four Star Aviation / Four Star Cargo|FOUR STAR|United States|Virgin Islands
HJ|AXF|Asian Express Airlines|FREIGHTEXPRESS|Australia|[citation needed]
HJ|HEJ|Hellas Jet|HELLAS JET|Greece|ceased operation in 2010
HH||Hope Air|HOPE AIR|Canada|
HG|NLY|Niki|FLYNIKI|Austria|
HF|HLF|Hapagfly|HAPAG LLOYD|Germany|TUIfly
HE|LGW|Luftfahrtgesellschaft Walter|WALTER|Germany|
HD|HLN|Air Holland|ORANGE|Netherlands|defunct
HD|ADO|AIRDO|AIR DO|Japan|
HC|ATI|Aero-Tropics Air Services||Australia|defunct
HC|HCC|Holidays Czech Airlines|CZECH HOLIDAYS|Czech Republic|
HC||Iceland Express||Iceland|Ceased operations 2012
HB|HAR|Harbor Airlines|HARBOR|United States|
HA|HAL|Hawaiian Airlines|HAWAIIAN|United States|
H9|HAD|Air d'Ayiti|HAITI AVIA|Haiti|
H9|HIM|Himalaya Airlines|HIMALAYA|Nepal|
H9|IZM|Izair|IZMIR|Turkey|
H8|KHB|Dalavia|DALAVIA|Russia|
H7|EGU|Eagle Air|AFRICAN EAGLE|Uganda|
H6|HAG|Hageland Aviation Services|HAGELAND|United States|
H5|HOA|Hola Airlines|HOLA|Spain|
H5|MVL|Mavial Magadan Airlines|Mavial|Russia|
H4||Héli Sécurité Helicopter Airlines||France|
H4|IIN|Inter Island Airways||Cape Verde|
H2|SKU|Sky Airline|AEROSKY|Chile|
H1||Hahn Air Systems||Germany|
GZ|RAR|Air Rarotonga|AIR RAROTONGA|Cook Islands|
GY||Guyana Airways 2000||	
GY|TMG|Tri-MG Intra Asia Airlines|TRILINES|Indonesia|
GX|GBC|Guangxi Beibu Gulf Airlines|SPRAY|China|
GX|JXX|JetX Airlines|JETBIRD|Iceland|
GX||Pacificair||Philippines|
GW|KIL|Kuban Airlines|AIR KUBAN|Russia|
GW|SGR|SkyGreece Airlines|SKYGREECE|Greece|
GV|ARF|Aero Flight|Aero Fox|Germany|defunct
GV|GUN|Grant Aviation|HOOT|United States|
GT|GBL|GB Airways|GEEBEE AIRWAYS|United Kingdom|
GS|UPA|Air Foyle|FOYLE|United Kingdom|defunct, ICAO code no longer allocated
GS|GCR|Tianjin Airlines|BO HAI|China|
GR|AUR|Aurigny Air Services|AYLINE|United Kingdom|
GR|GCO|Gemini Air Cargo|GEMINI|United States|
GQ|BSY|Big Sky Airlines|BIG SKY|United States|
GP|RIV|APG Airlines|RIVERA|France|
GP|PTP|Palau Trans Pacific Airlines|TRANS PACIFIC|Palau|
GO|KZU|Kuzu Airlines Cargo|KUZU CARGO|Turkey|
GN|AGN|Air Gabon|GOLF NOVEMBER|Gabon|defunct
GM|SVK|Air Slovakia|SLOVAKIA|Slovakia|ICAO code no longer allocated
GL|GRL|Air Greenland|GREENLAND|Denmark|
GL|GRL|Air Greenland|GREENLAND|Greenland
GK||Go One Airways||United Kingdom|Defunct?
GK|JJP|Jetstar Japan|ORANGE LINER|Japan|
GJ|MXC|Compania Mexicargo|MEXICARGO|Mexico|
GJ|CDC|CDI Cargo Airlines|HUALONG|China|
GJ|EEZ|Eurofly|E-FLY|Italy|
GI|IKA|Itek Air|ITEK-AIR|Kyrgyzstan|?ICAO confirmed; IATA not
GH|GLP|Globus Airlines|GLOBUS|Russia|
GH|GHA|Ghana Airways|GHANA|Ghana|defunct
GG|GUY|Air Guyane|GREEN BIRD|French Guiana|
GG|HAH|Air Comores International|AIR COMORES|Comoros|
GG|GGC|Cargo 360|LONG-HAUL|United States|
GG|KYE|Sky Lease Cargo|SKY CUBE|United States|https://en.wikipedia.org/wiki/Sky_Lease_Cargo
GF|GFA|Gulf Air|GULF AIR|Bahrain|
GE|TNA|TransAsia Airways||Taiwan|defunct
GD|AHA|Air Alpha Greenland|AIR ALPHA|Denmark|sold to Air Greenland
GC|GNR|Gambia International Airlines|GAMBIA INTERNATIONAL|Gambia|
GB|ABX|Airborne Express|ABEX|United States|August 14, 2003 merged into DHL
GB|ABX|ABX Air|ABEX|United States|August 15, 2003 Air operations of former Airborne Express
GA|GIA|Garuda Indonesia|INDONESIA|Indonesia|
G9|ABY|Air Arabia|ARABIA|United Arab Emirates|
G8|AGB|Air Service Gabon||Gabon|defunct
G8|ENK|Enkor JSC|ENKOR|Russia|
G8|GOW|GoAir|GOAIR|India|
G8|GUJ|Gujarat Airways|GUJARATAIR|India|
G7|GNF|Gandalf Airlines|Gandalf|Italy|
G7|GJS|GoJet Airlines|LINDBERGH|United States|
G6|BSR|Guine Bissaur Airlines|BISSAU AIRLINES|Guinea-Bissau|
G6|WLG|Air Volga|GOUMRAK|Russia|
G5|HXA|China Express Airlines|CHINA EXPRESS|China|
G4|AAY|Allegiant Air|ALLEGIANT|United States|
G3|CIX|City Connexion Airlines|CONNEXION|Burundi|defunct
G3|GLO|Gol Transportes Aéreos|GOL TRANSPORTE|Brazil|Brazilian low-cost airline.
G2|VXG|Avirex|AVIREX-GABON|Gabon|
G1||Gorkha Airlines|GORKHA AIRLINES|Nepal|?ICAO
G0|GHB|Ghana International Airlines|GHANA AIRLINES|Ghana|
FZ|FDB|Flydubai|SKYDUBAI|UAE|
FY|FFM|Firefly|FIREFLY|Malaysia|
FY|NWR|Northwest Regional Airlines||Australia|
FX|FDX|FedEx Express|FEDEX|United States|
FW|IBX|Ibex Airlines|IBEX|Japan|
FV|PLK|Pulkovo Aviation Enterprise|PULKOVO|Russia|defunct merged into Rossiya (airline)
FV|SDM|Rossiya|RUSSIA|Russia|Airline merged with Pulkovo Aviation Enterprise and renamed to Rossiya
FT|SRH|Siem Reap Airways|SIEMREAP AIR|Cambodia|
FS|ACL|Itali Airlines|SPADA|Italy|Former name: Transporti Aerei Italiani; former IATA Code: 9X*; former ICAO code: ACO
FS|STU|Servicios de Transportes Aéreos Fueguinos|FUEGUINO|Argentina|ICAO and call sign not current
FR|RYR|Ryanair|RYANAIR|Ireland|
FP|FRE|FlyPelican|PELICAN|Australia|Pelican Airlines Pty Ltd since 1 June 2015
FP|FRE|Freedom Air|FREEDOM|United States|Aviation Services
FP|AND|Servicios Aéreos de los Andes|SERVI ANDES|Peru|2014[41]
FO|ATM|Airlines of Tasmania|AIRTAS|Australia|
FN|RGL|Regional Air Lines|MAROC REGIONAL|Morocco|
FM|CSH|Shanghai Airlines|SHANGHAI AIR|China|Part of China Eastern Airlines
FL|TRS|AirTran Airways|CITRUS|United States|defunct, last flight 12/30/2014, now part of Southwest Airlines
FK|WTA|Africa West|WEST TOGO|Togo|
FK|KEW|Keewatin Air|BLIZZARD|Canada|
FJ|FJI|Fiji Airways|PACIFIC|Fiji|
FI|ICE|Icelandair|ICEAIR|Iceland|
FH|FHY|Freebird Airlines|FREEBIRD AIR|Turkey|
FH|FUA|Futura International Airways|FUTURA|Spain|defunct
FG|AFG|Ariana Afghan Airlines|ARIANA|Afghanistan|
FF||Airshop||Netherlands|
FE|FEA|Far Eastern Air Transport|Far Eastern|Taiwan|
FE|WCP|Primaris Airlines|WHITECAP|United States|
FD||Royal Flying Doctor Service|FLYDOC|Australia|
FD|AIQ|Thai AirAsia|THAI ASIA|Thailand|
FC|WBA|Finncomm Airlines|WESTBIRD|Finland|
FB|LZB|Bulgaria Air|FLYING BULGARIA|Bulgaria|
FA|SFR|Safair|CARGO|South Africa|
F9|FFT|Frontier Airlines|FRONTIER FLIGHT|United States|
F7|BBO|Flybaboo|BABOO|Switzerland|
F6|RCK|FaroeJet|ROCKROSE|Faroe Islands|
F5|COZ|Cosmic Air|COSMIC AIR|Nepal|
F4|NBK|Albarka Air|AL-AIR|Nigeria|
F3|FSW|Faso Airways|FASO|Burkina Faso|
F2|FLM|Fly Air|FLY WORLD|Turkey|
EZ|EIA|Evergreen International Airlines|EVERGREEN|United States|
EZ|SUS|Sun Air of Scandinavia|SUNSCAN|Denmark|
EY|EFL|Eagle Air|FLYING EAGLE|Tanzania|
EY|ETD|Etihad Airways|ETIHAD|United Arab Emirates|
EX|BJK|Atlantic Airlines|BLACKJACK|United States|
EX|SDO|Air Santo Domingo|AERO DOMINGO|Dominican Republic|
EW|EWG|Eurowings|EUROWINGS|Germany|
EV|ASQ|Atlantic Southeast Airlines|ACEY|United States|Merged into ExpressJet Airlines
EV|ASQ|ExpressJet|ACEY|United States|
EU|EEA|Empresa Ecuatoriana De Aviación|ECUATORIANA|Ecuador|
ET|ETH|Ethiopian Airlines|ETHIOPIAN|Ethiopia|
ES|DHX|DHL International|DILMUN|Bahrain|
ER|DHL|Astar Air Cargo|D-H-L|United States|defunct, DHL
EQ|TAE|TAME|TAME|Ecuador|Transporte Aéreos Militares Ecuatorianos
EP|IRC|Iran Aseman Airlines|ASEMAN|Iran|
EO|LHN|Express One International|LONGHORN|United States|defunct
EO|ALX|Hewa Bora Airways|ALLCONGO|Democratic Republic of the Congo|
EN|DLA|Air Dolomiti|DOLOMITI|Italy|
EM*|AEB|Aero Benin|AEROBEN|Benin|defunct
EM|CFS|Empire Airlines|EMPIRE AIR|United States|
EL|ANK|Air Nippon|ANK AIR|Japan|merged into All Nippon Airways, ICAO code no longer allocated
EL|ELB|Ellinair|ELLINAIR HELLAS|Greece|
EK|UAE|Emirates Airlines|EMIRATES|United Arab Emirates|
EJ|NEA|New England Airlines|NEW ENGLAND|United States|
EI|EIN|Aer Lingus|SHAMROCK|Ireland|
EI|EIN|Aer Lingus|SHAMROCK|Ireland|
EH|AKX|Air Nippon Network Co. Ltd.|ALFA WING|Japan|merged into ANA Wings
EH|SET|SAETA|SAETA|Ecuador|
EG|JAA|Japan Asia Airways|ASIA|Japan|defunct
EE|EAY|Aero Airlines|REVAL|Estonia|defunct
ED*|ABQ|Airblue|PAKBLUE|Pakistan|
EC|TWN|Avialeasing Aviation Company|TWINARROW|Uzbekistan|
EC|EJU|easyJet Europe|ALPINE|Austria|
EA|EAL|Eastern Air Lines|EASTERN|United States|defunct
EA|EAL|European Air Express|STAR WING|Germany|
E9|CXS|Boston-Maine Airways|CLIPPER CONNECTION|United States|Pan Am Clipper Connection Pan Am III
E8|ELG|Alpi Eagles|ALPI EAGLES|Italy|defunct, ICAO code no longer allocated
E7|ESF|Estafeta Carga Aérea||Mexico|
E7|EAF|European Aviation Air Charter|EUROCHARTER|United Kingdom|
E6||Bringer Air Cargo Taxi Aéreo||Brazil|
E5|BRZ|Samara Airlines|BERYOZA|Russia|defunct
E4|RSO|Aero Asia International|AERO ASIA|Pakistan|defunct
E3|DMO|Domodedovo Airlines|DOMODEDOVO|Russia|defunct
E3|VGO|Sabaidee Airways|VIRGO|Thailand|
E2|EWE|Eurowings Europe|EUROWINGS|Austria|
E2|KMP|Kampuchea Airlines|KAMPUCHEA|Cambodia|IATA was KT
E2|GRN|Rio Grande Air|GRANDE|United States|defunct
E1||Everbread||United Kingdom|
E0|ESS|Eos Airlines|NEW DAWN|United States|
DY|NAX|Norwegian Air Shuttle|NOR SHUTTLE|Norway|
DX|DTR|DAT Danish Air Transport|DANISH|Denmark|
DW|UCR|Aero-Charter Ukraine|CHARTER UKRAINE|Ukraine|
DV|LTF|Lufttaxi Fluggesellschaft|Garfield|Germany|
DV|ACK|Nantucket Airlines|ACK AIR|United States|WAS 9k
DU|NLH|Norwegian Long Haul|NORSTAR|Norway|subsidiary of Norwegian Air Shuttle
DT|DTA|TAAG Angola Airlines|DTA|Angola|
DS|EZS|easyJet Switzerland|TOPSWISS|Switzerland|
DQ||Coastal Air|U.S. Virgin Islands|United States|
DP|FCA|First Choice Airways|JETSET|United Kingdom|
DO|DOA|Dominicana de Aviación|DOMINICANA|Dominican Republic|defunct
DN|NAA|Norwegian Air Argentina|NORUEGA|Argentina|subsidiary of Norwegian Air Shuttle
DM||Maersk||Denmark|Defunct
DL|DAL|Delta Air Lines|DELTA|United States|
DK|ELA|Eastland Air||Australia|
DJ|WAJ|AirAsia Japan|WING ASIA|Japan|
DJ|PBN|Pacific Blue|BLUEBIRD|New Zealand|Controlled Dupe IATA with Virgin Australia
DJ|PLB|Polynesian Blue|POLYBLUE|New Zealand|Controlled Dupe IATA, Code reserved but not in use, PBN (Bluebird) used.
DI|BAG|Dba|SPEEDWAY|Germany|Merged into Air Berlin
DI|NRS|Norwegian Air UK|REDNOSE|United Kingdom|subsidiary of Norwegian Air Shuttle
DH|DVA|Discovery Airways|DISCOVERY AIRWAYS|United States|
DH|IDE|Independence Air|INDEPENDENCE AIR|United States|defunct
DH|NAN|Norwegian Air Norway|NORSHIP|Norway|subsidiary of Norwegian Air Shuttle
DG|SRQ|Cebgo|BLUE JAY|Philippines|Formerly SEAir, South East Asian Airlines and Tigerair Philippines
DE|CFG|Condor Flugdienst|CONDOR|Germany|
DD|DDL|Danish Air Lines||Denmark|defunct
DD|NOK|Nok Air|NOK AIR|Thailand|
DC|GAO|Golden Air|GOLDEN|Sweden|
DB|BZH|Brit Air|BRITAIR|France|
DA|GRG|Air Georgia|AIR GEORGIA|Georgia|
D9|DNV|Donavia|DONAVIA|Russia|formerly Aeroflot-Don
D8|IBK|Norwegian Air International (Norway)|NORTRANS|Norway|
D8|IBK|Norwegian Air International|NORTRANS|Ireland|subsidiary of Norwegian Air Shuttle[34]
D7|XAX|AirAsia X|XANADU|Malaysia|
D7|XFA|FlyAsianXpress|FAX AIR|Malaysia|
D6|ILN|Interair South Africa|INLINE|South Africa|
D5|DAU|Dauair|DAUAIR|Germany|
D4|LID|Alidaunia|ALIDA|Italy|
D3|DAO|Daallo Airlines|DALO AIRLINES|Djibouti|
D2|SSF|Severstal Air Company|SEVERSTAL|Russia|
D0|DHK|DHL Air Limited|WORLD EXPRESS|United Kingdom|DHL Air UK
CZ|CSN|China Southern Airlines|CHINA SOUTHERN|China|
CY|CYP|Cyprus Airways|CYPRUS|Cyprus|
CX|CPA|Cathay Pacific|CATHAY|Hong Kong|
CW|CWM|Air Marshall Islands|AIR MARSHALLS|Marshall Islands|
CV|CVA|Air Chathams|CHATHAM|New Zealand|
CV|CLX|Cargolux|CARGOLUX|Luxembourg|
CU|CUB|Cubana de Aviación|CUBANA|Cuba|
CT|CAT|Civil Air Transport|Mandarin|Taiwan|defunct
CS|CMI|Continental Micronesia|AIR MIKE|United States|
CQ|CCW|Central Charter|CENTRAL CHARTER|Czech Republic|
CQ|EXL|Sunshine Express Airlines||Australia|
CP|CDN|Canadian Airlines|CANADIAN|Canada|defunct
CP|CPC|Canadian Pacific Airlines|EMPRESS|Canada|ICAO Code and callsign no longer allocated
CP|CPZ|Compass Airlines|COMPASS ROSE|United States|
CO|COA|Continental Airlines|CONTINENTAL|United States|ICAO Code and callsign withdrawn
CO||Continental Express|JETLINK|United States|
CN||Islands Nationair||Papua New Guinea|
CN|WWD|Westward Airways|WESTWARD|United States|
CM|CMP|Copa Airlines|COPA|Panama|
CL|CLH|Lufthansa CityLine|HANSALINE|Germany|
CK|CKK|China Cargo Airlines|CARGO KING|China|
CJ|CFE|BA CityFlyer|FLYER|United Kingdom|
CJ|CBF|China Northern Airlines|CHINA NORTHERN|China|defunct.
CJ|CFE|CityFlyer Express|FLYER|United Kingdom|Defunct, ICAO code in use by BA CityFlyer
CI|CAL|China Airlines|DYNASTY|Taiwan|
CH|BMJ|Bemidji Airlines|BEMIDJI|United States|
CG|TOK|Airlines PNG|BALUS|Papua New Guinea|
CF|SDR|City Airline|SWEDESTAR|Sweden|
CE|NTW|Nationwide Airlines|NATIONWIDE|South Africa|
CD|CND|Corendon Dutch Airlines|DUTCH CORENDON|Netherlands|
CC|ABD|Air Atlanta Icelandic|ATLANTA|Iceland|
CC|MCK|Macair Airlines||Australia|
CB*|KFS|Kalitta Charters II|KALITTA|United States|Operates B727-200s & DC9s
CA|CCA|Air China|AIR CHINA|China|
C9|RUS|Cirrus Airlines|CIRRUS AIR|Germany|defunct
C8|ICV|Cargolux Italia|CARGO MED|Italy|
C8|WDY|Chicago Jet Group|WINDY CITY|United States|
C7|CIN|Cinnamon Air|CINNAMON|Sri Lanka|
C7|RLE|Rico Linhas Aéreas|RICO|Brazil|
C6|CJA|CanJet|CANJET|Canada|
C5|UCA|CommutAir|COMMUTAIR|United States|
C4|IMX|Zimex Aviation|ZIMEX|Switzerland|
C4|IMX|Zimex Aviation|ZIMEX|Switzerland|
C3|IPR|Independent Carrier (ICAR)|ICAR|Ukraine|
BZ|BDA|Blue Dart Aviation|BLUE DART|India|
BZ|KEE|Keystone Air Service|KEYSTONE|Canada|
BY|TOM|Thomson Airways|TUI AIR[48]|United Kingdom|Formerly "TOMSON"
BX|ABL|Air Busan|AIR BUSAN|Republic of Korea|
BX|CST|Coast Air|COAST CENTER|Norway|
BW|BWA|Caribbean Airlines|CARIBBEAN AIRLINES|Trinidad and Tobago|
BW|BWA|Caribbean Airlines|CARIBBEAN|Trinidad and Tobago|
BV|BPA|Blue Panorama Airlines|BLUE PANOROMA|Italy|
BU|BUN|Buryat Airlines Aircompany|BURAL|Russia|
BT|BTI|Air Baltic|AIRBALTIC|Latvia|
BS|BIH|British International Helicopters|BRINTEL|United Kingdom|
BR|EVA|EVA Air|EVA|Taiwan|
BQ|ROM|Aeromar Lineas Aereas Dominicanas|BRAVO QUEBEC|Dominican Republic|defunct
BQ|BTL|Baltia Air Lines|BALTIA|United States|Callsign changed from "BALTIA FLIGHT" in 2015[8]
BP|BOT|Air Botswana|BOTSWANA|Botswana|
BO|BBW|BB Airways|BEEBEE AIRWAYS|Nepal|
BO|BBD|Bluebird Nordic|BLUE CARGO|Iceland|
BO|BOU|Bouraq Indonesia Airlines|BOURAQ|Indonesia|
BN|BNF|Braniff International Airways|Braniff|United States|defunct
BN||Forward Air International Airlines||United States|
BN|HZA|Horizon Airlines|HORIZON|Australia|defunct
BM||Air Sicilia||Italy|defunct
BM|BMR|BMI Regional|MIDLAND|United Kingdom|
BL|PIC|Pacific Airlines|PACIFIC AIRLINES|Vietnam|
BK|PDC|Potomac Air|DISTRICT|United States|
BJ|LBT|Nouvel Air Tunisie|NOUVELAIR|Tunisia|
BI|RBA|Royal Brunei Airlines|BRUNEI|Brunei|
BH||Hawkair||Canada|defunct since 2016
BG|BBC|Biman Bangladesh Airlines|BANGLADESH|Bangladesh|
BF|RSR|Aero-Service|CONGOSERV|Republic of the Congo|
BE|BEE|Flybe|JERSEY|United Kingdom|
BD|BMA|BMI|MIDLAND|United Kingdom|Ceased operations
BC|SKY|Skymark Airlines|SKYMARK|Japan|
BB|SBS|Seaborne Airlines|SEABORNE|United States|
BA|BAW|British Airways|SPEEDBIRD|United Kingdom|
B9|BGD|Air Bangladesh|AIR BANGLA|Bangladesh|defunct
B8|ERT|Eritrean Airlines|ERITREAN|Eritrea|
B7|UIA|UNI Air|GLORY|Taiwan|
B6|JBU|JetBlue Airways|JETBLUE|United States|
B5|FLT|Flightline|FLIGHTLINE|United Kingdom|defunct
B4|BCF|BACH Flugbetriebsges|BACH|Austria|
B4|BKA|Bankair|BANKAIR|United States|
B3|BLV|Bellview Airlines|BELLVIEW AIRLINES|Nigeria|
B2|BRU|Belavia Belarusian Airlines|BELARUS AVIA|Belarus|
AZ|AZA|Alitalia|ALITALIA|Italy|
AY|FIN|Finnair|FINNAIR|Finland|
AX|—|AmericanConnection[5]|—|United States|
AX|LOF|Trans States Airlines|WATERSKI|United States|
AW|AFW|Africa World Airlines|BLACKSTAR|Ghana|
AW|SCH|CHC Airways|SCHREINER|Netherlands|formerly Schreiner Airways. ICAO code in use by another company, call sign no longer allocated
AW|DIR|Dirgantara Air Service|DIRGANTARA|Indonesia|
AV|AVA|Avianca|AVIANCA|Colombia|
AU|AUT|Austral Líneas Aéreas|AUSTRAL|Argentina|
AT|RAM|Royal Air Maroc|ROYALAIR MAROC|Morocco|
AS|ASA|Alaska Airlines, Inc.|ALASKA|United States|
AR|ARG|Aerolíneas Argentinas|ARGENTINA|Argentina|
AQ|AAH|Aloha Airlines|ALOHA|United States|Ceased operations; former IATA code: TS
AQ|MPJ|MAP-Management and Planung|MAPJET|Austria|
AP|LAV|AlbaStar|ALBASTAR|Spain|
AO|AUZ|Australian Airlines|AUSTRALIAN|Australia|Subsidiary merged with Qantas
AN|AAA|Ansett Australia|ANSETT|Australia|defunct
AM|AMX|Aeroméxico|AEROMEXICO|Mexico|
AL|SYX|Skywalk Airlines|SKYWAY-EX|United States|(Astral Aviation)
AL|TXC|TransAVIAexport Airlines|TRANSEXPORT|Belarus|
AK|AXM|AirAsia|RED CAP|Malaysia|ICAO code no longer allocated
AK|ABR|Air Bridge Carriers|AIRBRIDGE|United Kingdom|defunct
AJ|NIG|Aero Contractors|AEROLINE|Nigeria|
AI|AIC|Air India Limited|AIRINDIA|India|
AH|DAH|Air Algérie|AIR ALGERIE|Algeria|
AG|ARU|Aruba Airlines|ARUBA|Aruba|
AF|AFR|Air France|AIRFRANS|France|
AE|AE|Air Ceylon||Sri Lanka|defunct
AE|MDA|Mandarin Airlines|MANDARIN|Taiwan|
AD|PRZ|Air Paradise International|RADISAIR|Indonesia|Defunct 2005
AD|AZU|Azul Linhas Aéreas Brasileiras|Azul|Brazil|
AC|ACA|Air Canada|AIR CANADA|Canada|
AB|BER|Air Berlin|AIR BERLIN|Germany|defunct
AA|AAL|American Airlines|AMERICAN|United States|
A9|TGZ|Georgian Airways|TAMAZI|Georgia|
A8|XAU|Aerolink Uganda|PEARL|Uganda|
A8|BGL|Benin Golf Air|BENIN GOLF|Benin|
A7|MPD|Air Plus Comet|RED COMET|Spain|
A6|LPV|Air Alps Aviation|ALPAV|Austria|
A6|HTU|Hongtu Airlines|HONGLAND|China|
A5|RLA|Airlinair|AIRLINAIR|France|
A5|HOP|Hop!|AIR HOP|France|
A4|SWD|Southern Winds Airlines|SOUTHERN WINDS|Argentina|
A3|AEE|Aegean Airlines|AEGEAN|Greece|
A2|AZI|Astra Airlines|ASTRA|Greece|
A2|CIU|Cielos Airlines|CIELOS|Peru|
A0|MCJ|Avianca Argentina|JETMAC|Argentina|Owned by Synergy Group
9Y|FGE|Fly Georgia|GEORGIA WING|Georgia|
9W|JAI|Jet Airways|JET AIRWAYS|India|
9V|VPA|Vipair Airlines|VIAIR|Kazakhstan|defunct
9U|MLD|Air Moldova|AIR MOLDOVA|Moldova|
9T|ABS|Transwest Air|ATHABASKA|Canada|
9R|VAP|Phuket Air|PHUKET AIR|Thailand|
9Q|PBA|PB Air|PEEBEE AIR|Thailand|
9O||National Airways Cameroon||Cameroon|
9M|GLR|Central Mountain Air|GLACIER|Canada|
9L|CJC|Colgan Air|COLGAN|United States|
9K|KAP|Cape Air|CAIR|United States|
9I|LLR|Alliance Air|ALLIED|India|
9I|HTA|Helitrans|SCANBIRD|Norway|
9I|LLR|Thai Sky Airlines|THAI SKY AIR|Thailand|
9E|EDV|Endeavor Air|ENDEAVOR|United States|
9E|FLG|Pinnacle Airlines|FLAGSHIP|United States|
9C|CQH|Spring Airlines|AIR SPRING|China|
9A|EZX|Eagle Express Air Charter|EAGLEXPRESS|Malaysia|
8Z|WVL|Wizz Air Bulgaria|WIZZBUL|Bulgaria|
8Y|PBU|Air Burundi|AIR-BURUNDI|Burundi|
8Y|CYZ|China Postal Airlines|CHINA POST|China|
8W?||BAX Global||	
8W|EDR|Fly All Ways|BIRDVIEW|Suriname|
8W|PWF|Private Wings Flugcharter|PRIVATE WINGS|Germany|
8V|ACP|Astral Aviation|ASTRAL CARGO|Kenya|
8V|WRF|Wright Air Service|WRIGHT FLYER|United States|
8U|AAW|Afriqiyah Airways|AFRIQIYAH|Libya|
8T|TID|Air Tindi||Canada|
8S||Scorpio Aviation||	
8Q*|BAJ|Baker Aviation|RODEO|United States|
8Q|OHY|Onur Air|ONUR AIR|Turkey|
8Q||Princess Air||	no longer assigned
8P|PCO|Pacific Coastal Airlines|PASCO|Canada|
8O|YWZ|West Coast Air|COAST AIR|Canada|
8N|NKF|Barents AirLink|NORDFLIGHT|Sweden|previously Nordkalottflyg
8M|MXL|Maxair|MAXAIR|Sweden|
8M|MMA|Myanmar Airways International|MYANMAR|Myanmar|
8L|CGP|Cargo Plus Aviation||United Arab Emirates|
8L|RHC|Redhill Aviation|REDAIR|United Kingdom|
8J|KMV|Komiinteravia|KOMIINTER|Russia|
8I||Myway Airlines||Italy|
8H|BGH|BH Air|BALKAN HOLIDAYS|Bulgaria|
8F|FFR|Fischer Air|FISCHER|Czech Republic|
8E|BRG|Bering Air|BERING AIR|United States|
8D*|SUW|Astair||Russian Federation|Name changed to Interavia Airlines
8D|EXV|FitsAir|EXPOAVIA|Sri Lanka|
8D||Servant Air||United States|
8C|ATN|Air Transport International|AIR TRANSPORT|United States|
8C|HZT|Air Horizon|HORIZON TOGO|Togo|
8C|CXI|Shanxi Airlines|SHANXI|China|
8B|GFI|Caribbean Star Airlines|CARIB STAR|Antigua and Barbuda|
8A|BMM|Atlas Blue|ATLAS BLUE|Morocco|defunct
7W|QGA|Windrose Air|QUADRIGA|Germany|
7T|AGV|Air Glaciers|AIR GLACIERS|Switzerland|
7T|TOB|Tobruk Air|TOBRUK AIR|Libya|
7S|RCT|Ryan Air Service|ARCTIC TRANSPORT|United States|
7R|BRB|BRA-Transportes Aéreos|BRA-TRANSPAEREOS|Brazil|
7O|GAL|Galaxy Air|GALAXY|Kyrgyzstan|
7O[49]|TVL|Travel Service|TRAVEL SERVICE|Hungary|
7N|PWD|Pawa Dominicana|Pawa Dominicana|Dominican Republic|
7N|PWD|PAWA Dominicana||Dominican Republic|
7M|MYI|Mayair|MAYAIR|Mexico|
7L|AZG|Silk Way West Airlines|SILK WEST|Azerbaijan|
7L|ERO|Sun D'Or|ECHO ROMEO|Israel|
7K|KGL|Kogalymavia Air Company|KOGALYM|Russia|
7G|SFJ|Star Flyer|STARFLYER|Japan|
7F|FAB|First Air|FIRST AIR|Canada|
7E|AWU|Sylt Air GmbH|SYLT-AIR|Germany|
7C|COY|Coyne Aviation|COYNE AIR|United Kingdom|
7C|JJA|Jeju Air|JEJU AIR|Republic of Korea|
7B|KJC|Krasnojarsky Airlines|KRASNOJARSKY AIR|Russia|defunct
7A|XRC|Express Air Cargo||Tunisia|
7A|AZY|Aztec Worldwide Airlines|AZTEC WORLD|United States|
7A|XRC|Express Air Cargo|TUNISIA CARGO|Tunisia|
6Z|UKS|Ukrainian Cargo Airways|CARGOTRANS|Ukraine|
6Y|ART|Smartlynx Airlines|SMART LYNX|Latvia|
6W|SOV|Saratov Airlines Joint Stock Company|SARATOV AIR|Russia|
6V|VGA|Air Vegas|AIR VEGAS|United States|defunct
6V|AXY|Axis Airways|AXIS|France|defunct
6V|MRW|Mars RK|AVIAMARS|Ukraine|
6U|ACX|Air Cargo Germany|LOADMASTER|Germany|defunct
6U|UKR|Air Ukraine|AIR UKRAINE|Ukraine|
6R|DRU|Alrosa Air Company|MIRNY|Russia|
6Q|SLL|Slovak Airlines|SLOV LINE|Slovakia|
6P|ISG|Club Air|CLUBAIR|Italy|
6N|NIN|Niger Airlines|NIGER AIRLINES|Niger|
6N|NRD|Nordic Regional|NORTH RIDER|Sweden|
6K|RIT|Asian Spirit|ASIAN SPIRIT|Philippines|
6J|JUB|Jubba Airways|JUBBA|Somalia|
6J|SNJ|Skynet Asia Airways|NEWSKY|Japan|
6I|IBZ|International Business Air|INTERBIZ|Sweden|was U5
6H|ISR|Israir|ISRAIR|Israel|
6G|AWW|Air Wales|RED DRAGON|United Kingdom|defunct, ICAO code no longer allocated
6E|IGO|IndiGo Airlines|IFLY|India|Interglobe Aviation
6B|BLX|TUIfly Nordic|BLUESCAN|Sweden|
6A|CHP|Aviacsa|AVIACSA|Mexico|
5Z|AFX|Airfreight Express||United Kingdom|Ceased operations 08/03/2002
5Z|BML|Bismillah Airlines|BISMILLAH|Bangladesh|IATA code in use by another company
5Z|KEM|CemAir|CEMAIR|South Africa|
5Z|GON|Gonini Air Services|GONINI|Suriname|defunct
5Y|GTI|Atlas Air|GIANT|United States|
5X|UPS|United Parcel Service|UPS|United States|
5W|AEU|Astraeus|FLYSTAR|United Kingdom|defunct, ICAO code no longer allocated
5V|UKW|Lviv Airlines|UKRAINE WEST|Ukraine|
5T|MPE|Canadian North|EMPRESS|Canada|Air Norterra
5P|LLX|Small Planet Airlines|GERMANJET|Germany|
5O|FPO|Europe Airpost|FRENCH POST|France|
5N|AUL|Nordavia|ARCHANGELSK AIR|Russia|
5M|MNT|Montserrat Airways|MONTSERRAT|Montserrat|
5M|SIB|Sibaviatrans|SIBAVIA|Russia|
5L|RSU|AeroSur|AEROSUR|Bolivia|
5K|HFY|Hi Fly|SKY FLYER|Portugal|
5J|CEB|Cebu Pacific|CEBU|Philippines|
5G|SSV|Skyservice Airlines|SKYTOUR|Canada|defunct
5F|CIR|Arctic Circle Air Service|AIR ARCTIC|United States|
5F|FIA|Fly One|Fly One|Moldova|Allocated in 2016
5D|SLI|Aeroméxico Connect|COSTERA|Mexico|
5D|UDC|DonbassAero|DONBASS AERO|Ukraine|
5C|ICL|CAL Cargo Air Lines|CAL|Israel|
5A|AIP|Alpine Air Express|ALPINE AIR|United States|
4Y|AIB|Airbus Industrie|AIRBUS INDUSTRIE|France|
4Y|BGA|Airbus Transport International|BELUGA|France|
4Y|RBU|Airbus France|AIRBUS FRANCE|France|
4Y|UYA|Yute Air Alaska||United States|
4U|GWI|Germanwings|GERMAN WINGS|Germany|
4T|BHP|Belair Airlines|BELAIR|Switzerland|
4S|FNC|Finalair Congo|FINALAIR CONGO|Republic of the Congo|
4R|SEK|Star East Airline||Romania|
4R|HHI|Hamburg International|HAMBURG JET|Germany|
4O|AIJ|Interjet|ABC Aerolineas|Mexico|
4N|ANT|Air North Charter - Canada|AIR NORTH|Canada|
4M|DSM|LATAM Argentina|LAN AR|Argentina|
4K*|AAS|Askari Aviation|AL-ASS|Pakistan|
4H|UBD|United Airways|UNITED BANGLADESH|Bangladesh|
4G*||Advance Leasing Company||United States|
4G|GZP|Gazpromavia|GAZPROMAVIA|Russia|
4F|ECE|Air City|AIRCITY|Germany|
4D|ASD|Air Sinai|AIR SINAI|Egypt|
4C|ARE|Aires, Aerovías de Integración Regional, S.A.|AIRES|Colombia|renamed to LAN Colombia
4A|AKL|Air Kiribati||Kiribati|
3X|JAC|Japan Air Commuter|COMMUTER|Japan|
3W*|VNR|Wan Air|WANAIR|French Polynesia|defunct
3W|EMX|Euromanx Airways|EUROMANX|Austria|
3V|TAY|TNT Airways|QUALITY|Belgium|
3U|CSC|Sichuan Airlines|SI CHUAN|China|
3T|URN|Turan Air|TURAN|Azerbaijan|
3S*|AEN|Aeroland Airways||Greece|defunct, ICAO code no longer allocated
3S|BOX|Aerologic|GERMAN CARGO|Germany|
3S|GUY|Air Guyane Express|GREEN BIRD|French Guyana|
3R|GAI|Moskovia Airlines|GROMOV AIRLINE|Russia|JSC
3Q|CYH|China Yunnan Airlines|YUNNAN|China|defunct
3Q|KCH|KC International Airlines|CAM AIR|Cambodia|
3P|TNM|Tiara Air|TIARA|Aruba|
3O|MAC|Air Arabia Maroc|ARABIA MAROC|Morocco|This ICAO designator was previously used by Malta Air Charter
3N|URG|Air Urga|URGA|Ukraine|
3L|ISK|Intersky|INTERSKY|Austria|
3K|JSA|Jetstar Asia Airways|JETSTAR ASIA|Singapore|
3J|JUB|Jubba Airways||Kenya|Registered in Kenya but operates in Somalia|
3J|AAQ|Air Alliance|LIAISON|Canada|defunct
3J|WZP|Zip|ZIPPER|Canada|ICAO Code and callsign no longer allocated
3G|AYZ|Atlant-Soyuz Airlines|ATLANT-SOYUZ|Russia|defunct
3C|CMV|Calima Aviación|CALIMA|Spain|
3C|CEA|RegionsAir|CORP-X|United States|formerly Corporate Airlines
2Z|CGN|Chang An Airlines|CHANGAN|China|
2W|WLC|Welcome Air|WELCOMEAIR|Austria|
2V*||Amtrak||United States|Train services only
2U|GIP|Air Guinee Express|FUTURE EXPRESS|Guinea|
2T|HAM|Haiti Ambassador Airlines||Haiti|
2S|SDY|Island Express|SANDY ISLE|United States|
2S||Star Equatorial Airlines||Guinea|
2S|TGR|Satgur Air Transport|SATGURAIR|Liberia|defunct
2R||Via Rail Canada||Canada|
2Q|SNC|Air Cargo Carriers|NIGHT CARGO|United States|
2P|GAP|Air Philippines|ORIENT PACIFIC|Philippines|
2O|RNE|Air Salone|AIR SALONE|Sierra Leone|
2N|NTJ|NextJet|NEXTJET|Sweden|
2N|UMK|Yuzhmashavia|YUZMASH|Ukraine|
2M|MDV|Moldavian Airlines|MOLDAVIAN|Moldova|
2L|OAW|Helvetic Airways|HELVETIC|Switzerland|
2K|GLG|Aerogal|AEROGAL|Ecuador|Aerolíneas Galápagos SA
2J|VBW|Air Burkina|BURKINA|Burkina Faso|
2H||Thalys||Belgium|Not an airline (train).
2G*|MRR|San Juan Airlines|MARINER|United States|
2G|CRG|Cargoitalia|WHITE PELICAN|Italy|
2F|FTA|Frontier Flying Service|FRONTIER-AIR|United States|
2D|AOG|Aero VIP|AVIP|Argentina|defunct
2C||SNCF||France|
2B|AWT|Albawings|ALBAWINGS|Albania|
2A||Deutsche Bahn||Germany|
1Z|APD|Sabre Pacific||Australia|
1Y||Electronic Data Systems||United States|
1U||ITA Software||United States|Computer reservation system
1U||Polyot Sirena||Russia|
1T||Hitit Computer Services||Turkey|Computer reservation system
1T|BUC|Bulgarian Air Charter|BULGARIAN CHARTER|Bulgaria|
1S||Sabre||United States|
1R||Hainan Phoenix Information Systems||China|
1Q||Sirena||Russia|
1P||Worldspan||United States|
1N||Navitaire||United States|
1M||JSC Transport Automated Information Systems||Russia|
1L|OSY|Open Skies Consultative Commission|OPEN SKIES|United States|
1K||Southern Cross Distribution||Australia|
1K||Sutra||United States|
1I|AMB|Deutsche Rettungsflugwacht|CIVIL AIR AMBULANCE|Germany|
1I|EJA|NetJets|EXECJET|United States|
1I|NVR|Novair|NAVIGATOR|Sweden|
1I|NJE|NetJets Europe|FRACTION|Portugal|
1I||Pegasus Hava Tasimaciligi|Sunturk|Turkey|
1I||Sierra Nevada Airlines||United States|
1I|PZR|Sky Trek International Airlines|PHAZER|United States|
1H||Siren-Travel||Russia|
1G||Galileo International||United States|
1F||INFINI Travel Information||Japan|Computer Reservation System
1E||Travelsky Technology||China|
1D||Radixx||United States|
1C||Electronic Data Systems||Switzerland|
1B||Abacus International||Singapore|Computer reservation system
1A|AGT|Amadeus IT Group|AMADEUS|Spain|
0V|VFC|Vietnam Air Services Company (VASCO)|VASCO AIR|Vietnam|
0J|JCS|Jetclub|JETCLUB|Switzerland|
0D|DWT|Darwin Airline|DARWIN|Switzerland|
0C|IBL|IBL Aviation|CATOVAIR|Mauritius|
0B|BMS|Blue Air|BLUE MESSENGER|Romania|
0A|GNT|Amber Air|GINTA|Lithuania|